id,kindred_id,bet_offer_name,has_started,home_odd,away_odd,etl_time
245,1008114274,Match Odds,false,1.78,2,2021-09-30 10:01:00 UTC
56,1008085582,Match Odds,false,1.74,2,2021-09-20 10:01:00 UTC
1016,1008139604,Match Odds,false,1.81,2,2021-10-07 16:01:00 UTC
1135,1008139604,Match Odds,false,1.81,2,2021-10-07 19:01:00 UTC
715,1008136185,Match Odds,false,1.81,2,2021-10-06 16:01:00 UTC
978,1008139604,Match Odds,false,1.81,2,2021-10-07 13:01:00 UTC
291,1008101348,Match Odds,false,1.81,2,2021-09-25 10:01:00 UTC
917,1008139612,Match Odds,false,1.81,2,2021-10-07 07:01:00 UTC
547,1008135297,Match Odds,false,1.64,2.25,2021-10-05 22:01:00 UTC
855,1008139613,Match Odds,false,1.64,2.25,2021-10-07 04:01:00 UTC
37,1008095087,Match Odds,false,1.64,2.25,2021-09-23 07:01:00 UTC
202,1008097863,Match Odds,false,1.65,2.25,2021-09-24 10:01:00 UTC
290,1008114139,Match Odds,false,1.61,2.25,2021-09-29 16:01:00 UTC
967,1008135523,Match Odds,false,1.5,2.5,2021-10-07 10:01:00 UTC
910,1008136253,Match Odds,false,1.5,2.5,2021-10-07 07:01:00 UTC
476,1008103734,Match Odds,false,1.5,2.5,2021-09-28 16:01:00 UTC
912,1008135523,Match Odds,false,1.5,2.5,2021-10-07 07:01:00 UTC
38,1008103734,Match Odds,false,1.5,2.5,2021-09-28 16:01:00 UTC
480,1008104534,Match Odds,false,1.5,2.5,2021-09-28 13:01:00 UTC
966,1008136253,Match Odds,false,1.5,2.5,2021-10-07 10:01:00 UTC
999,1008135523,Match Odds,false,1.5,2.5,2021-10-07 13:01:00 UTC
87,1008104534,Match Odds,false,1.5,2.5,2021-09-28 13:01:00 UTC
1090,1008135523,Match Odds,false,1.5,2.5,2021-10-07 16:01:00 UTC
1096,1008136253,Match Odds,false,1.5,2.5,2021-10-07 16:01:00 UTC
1146,1008136253,Match Odds,false,1.5,2.5,2021-10-07 19:01:00 UTC
1174,1008135523,Match Odds,false,1.5,2.5,2021-10-07 19:01:00 UTC
1226,1008135523,Match Odds,false,1.5,2.5,2021-10-07 22:01:00 UTC
986,1008136253,Match Odds,false,1.5,2.5,2021-10-07 13:01:00 UTC
1238,1008135523,Match Odds,false,1.5,2.5,2021-10-08 04:01:00 UTC
818,1008135501,Match Odds,false,1.51,2.5,2021-10-06 19:01:00 UTC
725,1008135501,Match Odds,false,1.51,2.5,2021-10-06 16:01:00 UTC
314,1008083454,Match Odds,false,1.53,2.5,2021-09-20 07:01:00 UTC
453,1008122871,Match Odds,false,1.53,2.5,2021-10-01 22:01:00 UTC
444,1008122871,Match Odds,false,1.53,2.5,2021-10-01 19:01:00 UTC
722,1008136406,Match Odds,false,1.53,2.5,2021-10-06 16:01:00 UTC
440,1008122871,Match Odds,false,1.53,2.5,2021-10-01 16:01:00 UTC
833,1008136406,Match Odds,false,1.53,2.5,2021-10-06 22:01:00 UTC
778,1008136406,Match Odds,false,1.53,2.5,2021-10-06 19:01:00 UTC
461,1008122871,Match Odds,false,1.53,2.5,2021-10-02 04:01:00 UTC
1057,1008136407,Match Odds,false,1.45,2.75,2021-10-07 16:01:00 UTC
954,1008136407,Match Odds,false,1.45,2.75,2021-10-07 10:01:00 UTC
844,1008136407,Match Odds,false,1.45,2.75,2021-10-06 22:01:00 UTC
793,1008136407,Match Odds,false,1.45,2.75,2021-10-06 19:01:00 UTC
1001,1008136407,Match Odds,false,1.45,2.75,2021-10-07 13:01:00 UTC
922,1008136407,Match Odds,false,1.45,2.75,2021-10-07 07:01:00 UTC
749,1008136407,Match Odds,false,1.45,2.75,2021-10-06 16:01:00 UTC
877,1008136407,Match Odds,false,1.45,2.75,2021-10-07 04:01:00 UTC
344,1008117191,Match Odds,false,1.46,2.75,2021-09-30 16:01:00 UTC
58,1008106256,Match Odds,false,1.42,2.75,2021-09-27 04:01:00 UTC
217,1008106335,Match Odds,false,1.43,2.75,2021-09-27 19:01:00 UTC
579,1008128823,Match Odds,false,1.38,3,2021-10-04 19:01:00 UTC
254,1008084520,Match Odds,false,1.35,3,2021-09-22 07:01:00 UTC
41,1008088083,Match Odds,false,1.35,3,2021-09-23 10:01:00 UTC
146,1008101863,Match Odds,false,1.36,3,2021-09-25 16:01:00 UTC
1235,1008136565,Match Odds,false,1.37,3,2021-10-07 22:01:00 UTC
1035,1008136565,Match Odds,false,1.37,3,2021-10-07 16:01:00 UTC
1125,1008136565,Match Odds,false,1.37,3,2021-10-07 19:01:00 UTC
108,1008081421,Match Odds,false,1.37,3,2021-09-19 07:01:00 UTC
1276,1008136565,Match Odds,false,1.37,3,2021-10-08 04:01:00 UTC
195,1008074496,Match Odds,false,1.32,3.25,2021-09-17 22:01:00 UTC
261,1008110786,Match Odds,false,1.34,3.25,2021-09-29 19:01:00 UTC
541,1008132611,Match Odds,false,1.27,3.5,2021-10-05 19:01:00 UTC
557,1008128841,Match Odds,false,1.28,3.5,2021-10-04 16:01:00 UTC
1223,1008136175,Match Odds,false,1.28,3.5,2021-10-07 22:01:00 UTC
929,1008136179,Match Odds,false,1.3,3.5,2021-10-07 10:01:00 UTC
396,1008117668,Match Odds,false,1.3,3.5,2021-10-01 07:01:00 UTC
412,1008117668,Match Odds,false,1.3,3.5,2021-10-01 10:01:00 UTC
1214,1008140247,Match Odds,false,1.3,3.5,2021-10-07 22:01:00 UTC
31,1008088079,Match Odds,false,1.3,3.5,2021-09-21 07:01:00 UTC
383,1008117668,Match Odds,false,1.3,3.5,2021-10-01 04:01:00 UTC
997,1008136179,Match Odds,false,1.3,3.5,2021-10-07 13:01:00 UTC
294,1008104907,Match Odds,false,1.26,3.75,2021-09-27 13:01:00 UTC
606,1008136423,Match Odds,false,1.26,3.75,2021-10-06 07:01:00 UTC
196,1008075451,Match Odds,false,1.27,3.75,2021-09-17 19:01:00 UTC
1034,1008139653,Match Odds,false,1.28,3.75,2021-10-07 16:01:00 UTC
1171,1008139653,Match Odds,false,1.28,3.75,2021-10-07 19:01:00 UTC
1269,1008139653,Match Odds,false,1.28,3.75,2021-10-08 04:01:00 UTC
1220,1008139653,Match Odds,false,1.28,3.75,2021-10-07 22:01:00 UTC
289,1008076183,Match Odds,false,1.24,3.75,2021-09-18 13:01:00 UTC
106,1008083936,Match Odds,false,1.24,3.75,2021-09-22 13:01:00 UTC
259,1008018611,Match Odds,false,1.25,4,2021-09-02 16:01:00 UTC
1059,1008135301,Match Odds,false,1.25,4,2021-10-07 16:01:00 UTC
1254,1008140247,Match Odds,false,1.25,4,2021-10-08 04:01:00 UTC
984,1008135301,Match Odds,false,1.25,4,2021-10-07 13:01:00 UTC
630,1008128834,Match Odds,false,1.22,4,2021-10-04 19:01:00 UTC
22,1008074497,Match Odds,false,1.23,4,2021-09-18 04:01:00 UTC
566,1008128835,Match Odds,false,1.2,4.25,2021-10-04 19:01:00 UTC
237,1008106937,Match Odds,false,1.21,4.5,2021-09-28 19:01:00 UTC
491,1008106937,Match Odds,false,1.21,4.5,2021-09-28 19:01:00 UTC
735,1008136409,Match Odds,false,1.22,4.5,2021-10-06 16:01:00 UTC
812,1008136409,Match Odds,false,1.22,4.5,2021-10-06 19:01:00 UTC
684,1008136409,Match Odds,false,1.22,4.5,2021-10-06 13:01:00 UTC
223,1008105274,Match Odds,false,1.18,4.5,2021-09-27 07:01:00 UTC
571,1008132602,Match Odds,false,1.18,4.5,2021-10-05 19:01:00 UTC
664,1008136409,Match Odds,false,1.2,4.75,2021-10-06 10:01:00 UTC
539,1008132600,Match Odds,false,1.15,5,2021-10-05 16:01:00 UTC
909,1008136252,Match Odds,false,1.16,5,2021-10-07 07:01:00 UTC
1158,1008136561,Match Odds,false,1.16,5,2021-10-07 19:01:00 UTC
1189,1008136561,Match Odds,false,1.16,5,2021-10-07 22:01:00 UTC
190,1008116583,Match Odds,false,1.16,5,2021-09-30 04:01:00 UTC
931,1008136252,Match Odds,false,1.16,5,2021-10-07 10:01:00 UTC
1073,1008136252,Match Odds,false,1.16,5,2021-10-07 16:01:00 UTC
1246,1008136252,Match Odds,false,1.16,5,2021-10-08 04:01:00 UTC
1191,1008136252,Match Odds,false,1.16,5,2021-10-07 22:01:00 UTC
1267,1008136561,Match Odds,false,1.16,5,2021-10-08 04:01:00 UTC
996,1008136252,Match Odds,false,1.16,5,2021-10-07 13:01:00 UTC
1072,1008136561,Match Odds,false,1.16,5,2021-10-07 16:01:00 UTC
1154,1008136252,Match Odds,false,1.16,5,2021-10-07 19:01:00 UTC
121,1008115398,Match Odds,false,1.15,5.25,2021-09-30 07:01:00 UTC
583,1008132593,Match Odds,false,1.13,5.5,2021-10-05 16:01:00 UTC
133,1008101779,Match Odds,false,1.13,5.5,2021-09-25 16:01:00 UTC
540,1008128839,Match Odds,false,1.13,5.5,2021-10-04 19:01:00 UTC
593,1008135302,Match Odds,false,1.13,6,2021-10-05 22:01:00 UTC
1075,1008135302,Match Odds,false,1.14,6,2021-10-07 16:01:00 UTC
1141,1008135302,Match Odds,false,1.14,6,2021-10-07 19:01:00 UTC
849,1008135302,Match Odds,false,1.14,6,2021-10-06 22:01:00 UTC
1011,1008135302,Match Odds,false,1.14,6,2021-10-07 13:01:00 UTC
1025,1008139611,Match Odds,false,1.14,6,2021-10-07 16:01:00 UTC
872,1008135302,Match Odds,false,1.14,6,2021-10-07 04:01:00 UTC
697,1008135302,Match Odds,false,1.14,6,2021-10-06 16:01:00 UTC
936,1008135302,Match Odds,false,1.14,6,2021-10-07 10:01:00 UTC
892,1008135302,Match Odds,false,1.14,6,2021-10-07 07:01:00 UTC
784,1008135302,Match Odds,false,1.14,6,2021-10-06 19:01:00 UTC
351,1008114274,Match Odds,false,1.11,6.25,2021-09-30 16:01:00 UTC
595,1008128838,Match Odds,false,1.11,6.25,2021-10-04 16:01:00 UTC
1180,1008135502,Match Odds,false,1.1,6.5,2021-10-07 22:01:00 UTC
970,1008135502,Match Odds,false,1.1,6.5,2021-10-07 13:01:00 UTC
1110,1008135502,Match Odds,false,1.1,6.5,2021-10-07 19:01:00 UTC
242,1008074501,Match Odds,false,1.1,6.5,2021-09-17 10:01:00 UTC
882,1008135502,Match Odds,false,1.1,6.5,2021-10-07 07:01:00 UTC
1270,1008135502,Match Odds,false,1.1,6.5,2021-10-08 04:01:00 UTC
1029,1008135502,Match Odds,false,1.1,6.5,2021-10-07 16:01:00 UTC
927,1008135502,Match Odds,false,1.1,6.5,2021-10-07 10:01:00 UTC
39,1008081460,Match Odds,false,1.1,6.5,2021-09-19 07:01:00 UTC
4,1008088086,Match Odds,false,1.11,6.75,2021-09-22 13:01:00 UTC
46,1008076191,Match Odds,false,1.09,7,2021-09-18 10:01:00 UTC
13,1008018607,Match Odds,false,1.09,7,2021-09-02 19:01:00 UTC
597,1008128830,Match Odds,false,1.09,7,2021-10-04 16:01:00 UTC
592,1008132686,Match Odds,false,1.1,7,2021-10-05 19:01:00 UTC
902,1008139611,Match Odds,false,1.11,7,2021-10-07 07:01:00 UTC
3,1008074499,Match Odds,false,1.08,7.25,2021-09-17 07:01:00 UTC
306,1008083935,Match Odds,false,1.08,7.5,2021-09-21 10:01:00 UTC
36,1008084648,Match Odds,false,1.08,7.5,2021-09-20 07:01:00 UTC
263,1008084614,Match Odds,false,1.08,7.5,2021-09-20 07:01:00 UTC
509,1008123535,Match Odds,false,1.09,7.5,2021-10-02 13:01:00 UTC
164,1008115550,Match Odds,false,1.09,7.5,2021-09-30 07:01:00 UTC
256,1008104900,Match Odds,false,1.09,7.5,2021-09-29 07:01:00 UTC
288,1008105129,Match Odds,false,1.09,7.5,2021-09-27 04:01:00 UTC
993,1008139611,Match Odds,false,1.1,7.5,2021-10-07 13:01:00 UTC
247,1008074498,Match Odds,false,1.07,7.75,2021-09-17 07:01:00 UTC
941,1008139611,Match Odds,false,1.09,8,2021-10-07 10:01:00 UTC
563,1008132599,Match Odds,false,1.07,8.5,2021-10-05 19:01:00 UTC
226,1008074861,Match Odds,false,1.06,8.5,2021-09-17 13:01:00 UTC
599,1008135311,Match Odds,false,1.08,9,2021-10-06 07:01:00 UTC
721,1008135311,Match Odds,false,1.08,9,2021-10-06 16:01:00 UTC
805,1008135311,Match Odds,false,1.08,9,2021-10-06 19:01:00 UTC
692,1008135311,Match Odds,false,1.08,9,2021-10-06 13:01:00 UTC
636,1008135311,Match Odds,false,1.08,9,2021-10-06 10:01:00 UTC
990,1008135499,Match Odds,false,1.05,9,2021-10-07 13:01:00 UTC
914,1008135499,Match Odds,false,1.05,9,2021-10-07 07:01:00 UTC
938,1008135499,Match Odds,false,1.05,9,2021-10-07 10:01:00 UTC
1050,1008135499,Match Odds,false,1.05,9,2021-10-07 16:01:00 UTC
143,1008101784,Match Odds,false,1.06,9,2021-09-25 16:01:00 UTC
75,1008081834,Match Odds,false,1.05,9.5,2021-09-19 13:01:00 UTC
312,1008103292,Match Odds,false,1.06,9.5,2021-09-26 07:01:00 UTC
240,1008018805,Match Odds,false,1.06,9.5,2021-09-02 19:01:00 UTC
55,1008081468,Match Odds,false,1.04,10,2021-09-19 13:01:00 UTC
149,1008097887,Match Odds,false,1.06,10,2021-09-24 16:01:00 UTC
220,1008076195,Match Odds,false,1.06,10,2021-09-18 10:01:00 UTC
1039,1008136177,Match Odds,false,1.05,10.5,2021-10-07 16:01:00 UTC
318,1008104537,Match Odds,false,1.02,12,2021-09-29 10:01:00 UTC
558,1008128820,Match Odds,false,1.03,12,2021-10-04 16:01:00 UTC
158,1008084602,Match Odds,false,1.03,12.5,2021-09-20 07:01:00 UTC
334,1008113743,Match Odds,false,1.03,14,2021-09-30 13:01:00 UTC
150,1008025359,Match Odds,false,1.04,14,2021-09-04 19:01:00 UTC
556,1008131763,Match Odds,false,1.02,15,2021-10-05 16:01:00 UTC
173,1008081704,Match Odds,false,1.02,15,2021-09-19 04:01:00 UTC
239,1008018722,Match Odds,false,1.02,16,2021-09-02 16:01:00 UTC
65,1008104908,Match Odds,false,1.01,18,2021-09-29 10:01:00 UTC
308,1008031699,Match Odds,false,1.02,18,2021-09-06 07:01:00 UTC
319,1008018642,Match Odds,false,1.02,20,2021-09-02 13:01:00 UTC
241,1008018981,Match Odds,false,1.01,21,2021-09-02 19:01:00 UTC
403,1008119228,Match Odds,false,3.65,1.25,2021-10-01 07:01:00 UTC
197,1008081419,Match Odds,false,3.8,1.25,2021-09-19 07:01:00 UTC
889,1008136405,Match Odds,false,4.1,1.25,2021-10-07 07:01:00 UTC
733,1008136405,Match Odds,false,4.1,1.25,2021-10-06 16:01:00 UTC
880,1008136405,Match Odds,false,4.1,1.25,2021-10-07 04:01:00 UTC
72,1008103711,Match Odds,false,4.1,1.25,2021-09-28 04:01:00 UTC
994,1008136405,Match Odds,false,4.1,1.25,2021-10-07 13:01:00 UTC
1061,1008136405,Match Odds,false,4.1,1.25,2021-10-07 16:01:00 UTC
952,1008136405,Match Odds,false,4.1,1.25,2021-10-07 10:01:00 UTC
488,1008103711,Match Odds,false,4.1,1.25,2021-09-28 04:01:00 UTC
839,1008136405,Match Odds,false,4.1,1.25,2021-10-06 22:01:00 UTC
490,1008103714,Match Odds,false,4.1,1.25,2021-09-27 22:01:00 UTC
1106,1008136405,Match Odds,false,4.1,1.25,2021-10-07 19:01:00 UTC
107,1008103714,Match Odds,false,4.1,1.25,2021-09-27 22:01:00 UTC
780,1008136405,Match Odds,false,4.1,1.25,2021-10-06 19:01:00 UTC
69,1008015796,Match Odds,false,3.85,1.25,2021-09-01 16:01:00 UTC
299,1008091102,Match Odds,false,2.5,1.5,2021-09-23 10:01:00 UTC
90,1008103293,Match Odds,false,2.5,1.5,2021-09-26 07:01:00 UTC
141,1008091159,Match Odds,false,2.5,1.5,2021-09-22 10:01:00 UTC
975,1008135497,Match Odds,false,2.55,1.5,2021-10-07 13:01:00 UTC
946,1008135497,Match Odds,false,2.55,1.5,2021-10-07 10:01:00 UTC
905,1008135497,Match Odds,false,2.55,1.5,2021-10-07 07:01:00 UTC
659,1008135315,Match Odds,false,2.6,1.5,2021-10-06 10:01:00 UTC
617,1008135315,Match Odds,false,2.6,1.5,2021-10-06 07:01:00 UTC
789,1008136190,Match Odds,false,2.6,1.5,2021-10-06 19:01:00 UTC
710,1008136190,Match Odds,false,2.6,1.5,2021-10-06 16:01:00 UTC
668,1008135315,Match Odds,false,2.6,1.5,2021-10-06 13:01:00 UTC
478,1008103717,Match Odds,false,2.02,1.75,2021-09-28 10:01:00 UTC
284,1008103717,Match Odds,false,2.02,1.75,2021-09-28 10:01:00 UTC
389,1008119228,Match Odds,false,2.05,1.75,2021-10-01 04:01:00 UTC
704,1008136189,Match Odds,false,2.08,1.75,2021-10-06 16:01:00 UTC
774,1008136189,Match Odds,false,2.08,1.75,2021-10-06 19:01:00 UTC
787,1008135308,Match Odds,false,1.58,2.38,2021-10-06 19:01:00 UTC
524,1008125767,Match Odds,false,1.58,2.38,2021-10-03 04:01:00 UTC
160,1008110863,Match Odds,false,1.58,2.38,2021-09-30 10:01:00 UTC
527,1008125767,Match Odds,false,1.58,2.38,2021-10-03 07:01:00 UTC
522,1008125767,Match Odds,false,1.58,2.38,2021-10-02 22:01:00 UTC
530,1008125767,Match Odds,false,1.58,2.38,2021-10-03 10:01:00 UTC
166,1008101785,Match Odds,false,1.52,2.38,2021-09-25 19:01:00 UTC
67,1008084191,Match Odds,false,1.53,2.38,2021-09-19 07:01:00 UTC
632,1008132387,Match Odds,false,1.45,2.63,2021-10-05 19:01:00 UTC
5,1008104906,Match Odds,false,1.48,2.63,2021-09-27 13:01:00 UTC
544,1008135306,Match Odds,false,1.49,2.63,2021-10-06 07:01:00 UTC
152,1008034844,Match Odds,false,1.49,2.63,2021-09-06 07:01:00 UTC
326,1008117191,Match Odds,false,1.49,2.63,2021-09-30 13:01:00 UTC
466,1008122871,Match Odds,false,1.38,2.88,2021-10-02 07:01:00 UTC
144,1008101861,Match Odds,false,1.42,2.88,2021-09-25 13:01:00 UTC
188,1008081707,Match Odds,false,1.37,2.88,2021-09-19 07:01:00 UTC
250,1008083562,Match Odds,false,4.35,1.19,2021-09-19 07:01:00 UTC
696,1008136183,Match Odds,false,4.9,1.19,2021-10-06 16:01:00 UTC
1283,1008136190,Match Odds,false,2.8,1.44,2021-10-08 04:01:00 UTC
1117,1008136190,Match Odds,false,2.8,1.44,2021-10-07 19:01:00 UTC
463,1008122881,Match Odds,false,2.8,1.44,2021-10-02 04:01:00 UTC
439,1008122881,Match Odds,false,2.8,1.44,2021-10-01 16:01:00 UTC
450,1008122881,Match Odds,false,2.8,1.44,2021-10-01 22:01:00 UTC
1018,1008136190,Match Odds,false,2.8,1.44,2021-10-07 16:01:00 UTC
448,1008122881,Match Odds,false,2.8,1.44,2021-10-01 19:01:00 UTC
471,1008122881,Match Odds,false,2.8,1.44,2021-10-02 07:01:00 UTC
1181,1008136190,Match Odds,false,2.8,1.44,2021-10-07 22:01:00 UTC
109,1008084171,Match Odds,false,1.82,1.94,2021-09-21 07:01:00 UTC
1053,1008136567,Match Odds,false,1.82,1.94,2021-10-07 16:01:00 UTC
1103,1008136562,Match Odds,false,1.82,1.94,2021-10-07 19:01:00 UTC
1255,1008136562,Match Odds,false,1.82,1.94,2021-10-08 04:01:00 UTC
105,1008083461,Match Odds,false,1.82,1.94,2021-09-21 16:01:00 UTC
1192,1008136567,Match Odds,false,1.82,1.94,2021-10-07 22:01:00 UTC
1271,1008136567,Match Odds,false,1.82,1.94,2021-10-08 04:01:00 UTC
1151,1008136567,Match Odds,false,1.82,1.94,2021-10-07 19:01:00 UTC
1067,1008136562,Match Odds,false,1.82,1.94,2021-10-07 16:01:00 UTC
1124,1008139613,Match Odds,false,1.82,1.94,2021-10-07 19:01:00 UTC
1187,1008136562,Match Odds,false,1.82,1.94,2021-10-07 22:01:00 UTC
138,1008091098,Match Odds,false,1.8,1.94,2021-09-22 07:01:00 UTC
301,1008104211,Match Odds,false,5.5,1.13,2021-09-26 19:01:00 UTC
433,1008119285,Match Odds,false,6,1.13,2021-10-01 16:01:00 UTC
126,1008103296,Match Odds,false,2.88,1.38,2021-09-26 13:01:00 UTC
589,1008128840,Match Odds,false,2.88,1.38,2021-10-04 19:01:00 UTC
279,1008104901,Match Odds,false,2.9,1.38,2021-09-27 10:01:00 UTC
274,1008112441,Match Odds,false,2.9,1.38,2021-09-30 07:01:00 UTC
183,1008083462,Match Odds,false,3.05,1.38,2021-09-20 10:01:00 UTC
1119,1008139203,Match Odds,false,3.05,1.38,2021-10-07 19:01:00 UTC
1183,1008139203,Match Odds,false,3.05,1.38,2021-10-07 22:01:00 UTC
1156,1008136408,Match Odds,false,3.05,1.38,2021-10-07 19:01:00 UTC
1285,1008139203,Match Odds,false,3.05,1.38,2021-10-08 04:01:00 UTC
885,1008136254,Match Odds,false,2.95,1.38,2021-10-07 07:01:00 UTC
42,1008103290,Match Odds,false,2.85,1.38,2021-09-26 07:01:00 UTC
811,1008136402,Match Odds,false,2.28,1.63,2021-10-06 19:01:00 UTC
734,1008136402,Match Odds,false,2.28,1.63,2021-10-06 16:01:00 UTC
233,1008084525,Match Odds,false,1.88,1.88,2021-09-20 10:01:00 UTC
372,1008119228,Match Odds,false,1.88,1.88,2021-09-30 22:01:00 UTC
915,1008136404,Match Odds,false,1.95,1.88,2021-10-07 07:01:00 UTC
817,1008136404,Match Odds,false,1.95,1.88,2021-10-06 19:01:00 UTC
716,1008136404,Match Odds,false,1.95,1.88,2021-10-06 16:01:00 UTC
825,1008136404,Match Odds,false,1.95,1.88,2021-10-06 22:01:00 UTC
875,1008136404,Match Odds,false,1.95,1.88,2021-10-07 04:01:00 UTC
963,1008136404,Match Odds,false,1.95,1.88,2021-10-07 10:01:00 UTC
554,1008132601,Match Odds,false,1.86,1.88,2021-10-05 16:01:00 UTC
837,1008136182,Match Odds,false,1.71,2.14,2021-10-06 22:01:00 UTC
759,1008136182,Match Odds,false,1.71,2.14,2021-10-06 16:01:00 UTC
777,1008136182,Match Odds,false,1.71,2.14,2021-10-06 19:01:00 UTC
32,1008088087,Match Odds,false,1.71,2.14,2021-09-21 19:01:00 UTC
957,1008136172,Match Odds,false,1.71,2.14,2021-10-07 10:01:00 UTC
897,1008139604,Match Odds,false,1.71,2.14,2021-10-07 07:01:00 UTC
933,1008139604,Match Odds,false,1.71,2.14,2021-10-07 10:01:00 UTC
80,1008103720,Match Odds,false,8,1.07,2021-09-27 04:01:00 UTC
1071,1008135305,Match Odds,false,9,1.07,2021-10-07 16:01:00 UTC
15,1008104192,Match Odds,false,3.15,1.32,2021-09-26 16:01:00 UTC
348,1008118428,Match Odds,false,3.45,1.32,2021-09-30 16:01:00 UTC
329,1008118428,Match Odds,false,3.45,1.32,2021-09-30 13:01:00 UTC
364,1008118234,Match Odds,false,2.4,1.57,2021-09-30 19:01:00 UTC
379,1008118234,Match Odds,false,2.4,1.57,2021-09-30 22:01:00 UTC
71,1008025469,Match Odds,false,2.4,1.57,2021-09-04 19:01:00 UTC
335,1008118234,Match Odds,false,2.4,1.57,2021-09-30 13:01:00 UTC
345,1008118234,Match Odds,false,2.4,1.57,2021-09-30 16:01:00 UTC
82,1008083466,Match Odds,false,2.33,1.57,2021-09-20 13:01:00 UTC
102,1008075185,Match Odds,false,2.35,1.57,2021-09-17 13:01:00 UTC
532,1008126659,Match Odds,false,2,1.82,2021-10-03 13:01:00 UTC
1111,1008136181,Match Odds,false,1.94,1.82,2021-10-07 19:01:00 UTC
9,1008097873,Match Odds,false,1.95,1.82,2021-09-24 10:01:00 UTC
142,1008097872,Match Odds,false,1.98,1.82,2021-09-24 10:01:00 UTC
688,1008136321,Match Odds,false,1.75,2.02,2021-10-06 13:01:00 UTC
627,1008136321,Match Odds,false,1.75,2.02,2021-10-06 07:01:00 UTC
729,1008136321,Match Odds,false,1.75,2.02,2021-10-06 16:01:00 UTC
648,1008136321,Match Odds,false,1.75,2.02,2021-10-06 10:01:00 UTC
637,1008135484,Match Odds,false,1.76,2.02,2021-10-06 10:01:00 UTC
655,1008135481,Match Odds,false,1.77,2.02,2021-10-06 10:01:00 UTC
567,1008135481,Match Odds,false,1.77,2.02,2021-10-06 07:01:00 UTC
861,1008136175,Match Odds,false,1.79,2.02,2021-10-07 04:01:00 UTC
1038,1008136175,Match Odds,false,1.79,2.02,2021-10-07 16:01:00 UTC
906,1008136175,Match Odds,false,1.79,2.02,2021-10-07 07:01:00 UTC
815,1008136175,Match Odds,false,1.79,2.02,2021-10-06 19:01:00 UTC
937,1008136175,Match Odds,false,1.79,2.02,2021-10-07 10:01:00 UTC
846,1008136175,Match Odds,false,1.79,2.02,2021-10-06 22:01:00 UTC
740,1008136175,Match Odds,false,1.79,2.02,2021-10-06 16:01:00 UTC
1133,1008136175,Match Odds,false,1.79,2.02,2021-10-07 19:01:00 UTC
988,1008136175,Match Odds,false,1.79,2.02,2021-10-07 13:01:00 UTC
801,1008136177,Match Odds,false,1.8,2.02,2021-10-06 19:01:00 UTC
81,1008031700,Match Odds,false,1.8,2.02,2021-09-06 07:01:00 UTC
913,1008136177,Match Odds,false,1.8,2.02,2021-10-07 07:01:00 UTC
951,1008136177,Match Odds,false,1.8,2.02,2021-10-07 10:01:00 UTC
842,1008136177,Match Odds,false,1.8,2.02,2021-10-06 22:01:00 UTC
737,1008136177,Match Odds,false,1.8,2.02,2021-10-06 16:01:00 UTC
874,1008136177,Match Odds,false,1.8,2.02,2021-10-07 04:01:00 UTC
1163,1008136255,Match Odds,false,1.5,2.52,2021-10-07 19:01:00 UTC
1232,1008136255,Match Odds,false,1.5,2.52,2021-10-07 22:01:00 UTC
1076,1008136583,Match Odds,false,1.5,2.52,2021-10-07 16:01:00 UTC
1006,1008136255,Match Odds,false,1.5,2.52,2021-10-07 13:01:00 UTC
1022,1008136255,Match Odds,false,1.5,2.52,2021-10-07 16:01:00 UTC
950,1008136255,Match Odds,false,1.5,2.52,2021-10-07 10:01:00 UTC
1122,1008136583,Match Odds,false,1.5,2.52,2021-10-07 19:01:00 UTC
1249,1008136255,Match Odds,false,1.5,2.52,2021-10-08 04:01:00 UTC
304,1008077149,Match Odds,false,16,1.01,2021-09-18 07:01:00 UTC
623,1008128842,Match Odds,false,17,1.01,2021-10-04 16:01:00 UTC
44,1008075186,Match Odds,false,20,1.01,2021-09-17 13:01:00 UTC
101,1008016215,Match Odds,false,20,1.01,2021-09-01 13:01:00 UTC
287,1008021976,Match Odds,false,21,1.01,2021-09-03 13:01:00 UTC
8,1008015201,Match Odds,false,3.75,1.26,2021-09-01 16:01:00 UTC
987,1008136254,Match Odds,false,3.7,1.26,2021-10-07 13:01:00 UTC
1055,1008136254,Match Odds,false,3.7,1.26,2021-10-07 16:01:00 UTC
926,1008136254,Match Odds,false,3.7,1.26,2021-10-07 10:01:00 UTC
560,1008132614,Match Odds,false,2.02,1.76,2021-10-05 19:01:00 UTC
904,1008136401,Match Odds,false,2.06,1.76,2021-10-07 07:01:00 UTC
945,1008136401,Match Odds,false,2.06,1.76,2021-10-07 10:01:00 UTC
1100,1008136404,Match Odds,false,2.06,1.76,2021-10-07 16:01:00 UTC
799,1008136401,Match Odds,false,2.06,1.76,2021-10-06 19:01:00 UTC
1109,1008136401,Match Odds,false,2.06,1.76,2021-10-07 19:01:00 UTC
867,1008136180,Match Odds,false,2.06,1.76,2021-10-07 04:01:00 UTC
717,1008136401,Match Odds,false,2.06,1.76,2021-10-06 16:01:00 UTC
1080,1008136401,Match Odds,false,2.06,1.76,2021-10-07 16:01:00 UTC
919,1008136180,Match Odds,false,2.06,1.76,2021-10-07 07:01:00 UTC
1010,1008136180,Match Odds,false,2.06,1.76,2021-10-07 13:01:00 UTC
974,1008136401,Match Odds,false,2.06,1.76,2021-10-07 13:01:00 UTC
850,1008136401,Match Odds,false,2.06,1.76,2021-10-06 22:01:00 UTC
965,1008136180,Match Odds,false,2.06,1.76,2021-10-07 10:01:00 UTC
1153,1008136404,Match Odds,false,2.06,1.76,2021-10-07 19:01:00 UTC
863,1008136401,Match Odds,false,2.06,1.76,2021-10-07 04:01:00 UTC
980,1008136404,Match Odds,false,2.06,1.76,2021-10-07 13:01:00 UTC
795,1008135316,Match Odds,false,2.06,1.76,2021-10-06 19:01:00 UTC
282,1008083937,Match Odds,false,1.68,2.15,2021-09-23 04:01:00 UTC
258,1008100719,Match Odds,false,1.68,2.15,2021-09-25 10:01:00 UTC
66,1008108795,Match Odds,false,1.58,2.4,2021-09-28 10:01:00 UTC
484,1008108795,Match Odds,false,1.58,2.4,2021-09-28 10:01:00 UTC
703,1008135477,Match Odds,false,1.55,2.4,2021-10-06 16:01:00 UTC
670,1008135477,Match Odds,false,1.55,2.4,2021-10-06 13:01:00 UTC
338,1008117617,Match Odds,false,1.55,2.4,2021-09-30 13:01:00 UTC
311,1008021994,Match Odds,false,1.55,2.4,2021-09-03 13:01:00 UTC
361,1008117617,Match Odds,false,1.55,2.4,2021-09-30 19:01:00 UTC
350,1008117617,Match Odds,false,1.55,2.4,2021-09-30 16:01:00 UTC
323,1008117617,Match Odds,false,1.55,2.4,2021-09-30 10:01:00 UTC
277,1008084523,Match Odds,false,1.45,2.65,2021-09-21 10:01:00 UTC
581,1008132615,Match Odds,false,1.46,2.65,2021-10-05 19:01:00 UTC
853,1008136181,Match Odds,false,1.48,2.65,2021-10-07 04:01:00 UTC
883,1008136181,Match Odds,false,1.48,2.65,2021-10-07 07:01:00 UTC
830,1008136181,Match Odds,false,1.48,2.65,2021-10-06 22:01:00 UTC
139,1008116582,Match Odds,false,1.43,2.65,2021-09-30 07:01:00 UTC
624,1008132612,Match Odds,false,1.4,2.9,2021-10-05 19:01:00 UTC
609,1008135310,Match Odds,false,1.41,2.9,2021-10-06 07:01:00 UTC
675,1008135310,Match Odds,false,1.41,2.9,2021-10-06 13:01:00 UTC
651,1008135310,Match Odds,false,1.41,2.9,2021-10-06 10:01:00 UTC
559,1008132501,Match Odds,false,1.34,3.15,2021-10-05 19:01:00 UTC
26,1008018847,Match Odds,false,1.36,3.15,2021-09-02 16:01:00 UTC
1065,1008139699,Match Odds,false,1.32,3.4,2021-10-07 16:01:00 UTC
1245,1008139699,Match Odds,false,1.32,3.4,2021-10-08 04:01:00 UTC
1169,1008139699,Match Odds,false,1.32,3.4,2021-10-07 19:01:00 UTC
1234,1008139699,Match Odds,false,1.32,3.4,2021-10-07 22:01:00 UTC
616,1008131762,Match Odds,false,1.28,3.4,2021-10-05 16:01:00 UTC
272,1008094021,Match Odds,false,1.29,3.4,2021-09-23 04:01:00 UTC
174,1008081702,Match Odds,false,1.27,3.65,2021-09-19 07:01:00 UTC
857,1008135301,Match Odds,false,1.29,3.65,2021-10-07 04:01:00 UTC
257,1008097889,Match Odds,false,1.29,3.65,2021-09-24 19:01:00 UTC
608,1008135301,Match Odds,false,1.29,3.65,2021-10-05 22:01:00 UTC
804,1008135301,Match Odds,false,1.29,3.65,2021-10-06 19:01:00 UTC
829,1008135301,Match Odds,false,1.29,3.65,2021-10-06 22:01:00 UTC
908,1008135301,Match Odds,false,1.29,3.65,2021-10-07 07:01:00 UTC
711,1008135301,Match Odds,false,1.29,3.65,2021-10-06 16:01:00 UTC
939,1008135301,Match Odds,false,1.29,3.65,2021-10-07 10:01:00 UTC
73,1008104536,Match Odds,false,1.25,3.9,2021-09-28 10:01:00 UTC
489,1008104536,Match Odds,false,1.25,3.9,2021-09-28 10:01:00 UTC
1013,1008136179,Match Odds,false,1.26,3.9,2021-10-07 16:01:00 UTC
719,1008135484,Match Odds,false,1.23,3.9,2021-10-06 16:01:00 UTC
86,1008083457,Match Odds,false,1.23,3.9,2021-09-22 07:01:00 UTC
205,1008109787,Match Odds,false,1.24,3.9,2021-09-29 13:01:00 UTC
198,1008083569,Match Odds,false,1.2,4.3,2021-09-19 04:01:00 UTC
309,1008083568,Match Odds,false,1.2,4.3,2021-09-19 10:01:00 UTC
677,1008136320,Match Odds,false,1.21,4.3,2021-10-06 13:01:00 UTC
700,1008136320,Match Odds,false,1.21,4.3,2021-10-06 16:01:00 UTC
477,1008103716,Match Odds,false,1.23,4.3,2021-09-28 07:01:00 UTC
320,1008103716,Match Odds,false,1.23,4.3,2021-09-28 07:01:00 UTC
148,1008113743,Match Odds,false,1.19,4.8,2021-09-30 10:01:00 UTC
295,1008025358,Match Odds,false,1.16,5.3,2021-09-04 16:01:00 UTC
177,1008103736,Match Odds,false,1.13,5.8,2021-09-28 16:01:00 UTC
822,1008135312,Match Odds,false,1.13,5.8,2021-10-06 22:01:00 UTC
494,1008103736,Match Odds,false,1.13,5.8,2021-09-28 16:01:00 UTC
224,1008116613,Match Odds,false,1.12,5.8,2021-09-30 10:01:00 UTC
619,1008132610,Match Odds,false,4.5,1.2,2021-10-05 19:01:00 UTC
577,1008128831,Match Odds,false,4.5,1.2,2021-10-04 13:01:00 UTC
1020,1008139203,Match Odds,false,2.75,1.45,2021-10-07 16:01:00 UTC
520,1008123986,Match Odds,false,2.75,1.45,2021-10-02 19:01:00 UTC
508,1008123986,Match Odds,false,2.75,1.45,2021-10-02 13:01:00 UTC
513,1008123986,Match Odds,false,2.75,1.45,2021-10-02 16:01:00 UTC
591,1008132595,Match Odds,false,2.65,1.45,2021-10-05 16:01:00 UTC
437,1008117587,Match Odds,false,2.7,1.45,2021-10-01 16:01:00 UTC
414,1008117587,Match Odds,false,2.7,1.45,2021-10-01 10:01:00 UTC
230,1008092020,Match Odds,false,2.7,1.45,2021-09-23 10:01:00 UTC
385,1008117587,Match Odds,false,2.7,1.45,2021-10-01 04:01:00 UTC
363,1008117587,Match Odds,false,2.7,1.45,2021-09-30 19:01:00 UTC
378,1008117587,Match Odds,false,2.7,1.45,2021-09-30 22:01:00 UTC
409,1008117587,Match Odds,false,2.7,1.45,2021-10-01 07:01:00 UTC
424,1008117587,Match Odds,false,2.7,1.45,2021-10-01 13:01:00 UTC
1004,1008136173,Match Odds,false,2.15,1.7,2021-10-07 13:01:00 UTC
110,1008108634,Match Odds,false,2.17,1.7,2021-09-28 22:01:00 UTC
286,1008018842,Match Odds,false,2.06,1.7,2021-09-02 19:01:00 UTC
179,1008106338,Match Odds,false,2.1,1.7,2021-09-29 19:01:00 UTC
496,1008103737,Match Odds,false,2.1,1.7,2021-09-28 19:01:00 UTC
1284,1008136568,Match Odds,false,2.1,1.7,2021-10-08 04:01:00 UTC
1182,1008136568,Match Odds,false,2.1,1.7,2021-10-07 22:01:00 UTC
1019,1008136568,Match Odds,false,2.1,1.7,2021-10-07 16:01:00 UTC
1118,1008136568,Match Odds,false,2.1,1.7,2021-10-07 19:01:00 UTC
76,1008103737,Match Odds,false,2.1,1.7,2021-09-28 19:01:00 UTC
981,1008136177,Match Odds,false,1.86,1.95,2021-10-07 13:01:00 UTC
33,1008104595,Match Odds,false,1.8,1.95,2021-09-27 10:01:00 UTC
131,1008083934,Match Odds,false,1.8,1.95,2021-09-22 07:01:00 UTC
493,1008106339,Match Odds,false,1.58,2.28,2021-09-28 19:01:00 UTC
171,1008106339,Match Odds,false,1.58,2.28,2021-09-28 19:01:00 UTC
564,1008131761,Match Odds,false,5.25,1.14,2021-10-05 16:01:00 UTC
185,1008081420,Match Odds,false,5.5,1.14,2021-09-19 04:01:00 UTC
790,1008136412,Match Odds,false,5.75,1.14,2021-10-06 19:01:00 UTC
332,1008113759,Match Odds,false,2.25,1.64,2021-09-30 13:01:00 UTC
573,1008136410,Match Odds,false,2.25,1.64,2021-10-06 07:01:00 UTC
646,1008136410,Match Odds,false,2.25,1.64,2021-10-06 10:01:00 UTC
360,1008113759,Match Odds,false,2.25,1.64,2021-09-30 19:01:00 UTC
771,1008136178,Match Odds,false,2.25,1.64,2021-10-06 19:01:00 UTC
751,1008136178,Match Odds,false,2.25,1.64,2021-10-06 16:01:00 UTC
343,1008113759,Match Odds,false,2.25,1.64,2021-09-30 16:01:00 UTC
1023,1008139650,Match Odds,false,2.28,1.64,2021-10-07 16:01:00 UTC
1164,1008139650,Match Odds,false,2.28,1.64,2021-10-07 19:01:00 UTC
1250,1008139650,Match Odds,false,2.28,1.64,2021-10-08 04:01:00 UTC
1233,1008139650,Match Odds,false,2.28,1.64,2021-10-07 22:01:00 UTC
204,1008097133,Match Odds,false,2.2,1.64,2021-09-24 04:01:00 UTC
136,1008106257,Match Odds,false,1.84,1.89,2021-09-27 07:01:00 UTC
798,1008136321,Match Odds,false,1.64,2.16,2021-10-06 19:01:00 UTC
618,1008132665,Match Odds,false,1.64,2.16,2021-10-05 19:01:00 UTC
302,1008115478,Match Odds,false,1.64,2.16,2021-09-30 10:01:00 UTC
203,1008104594,Match Odds,false,7.5,1.08,2021-09-30 10:01:00 UTC
53,1008114675,Match Odds,false,7.5,1.08,2021-09-30 04:01:00 UTC
841,1008135316,Match Odds,false,8,1.08,2021-10-06 22:01:00 UTC
48,1008083452,Match Odds,false,8,1.08,2021-09-20 10:01:00 UTC
1229,1008136408,Match Odds,false,8.5,1.08,2021-10-07 22:01:00 UTC
442,1008117587,Match Odds,false,3.15,1.33,2021-10-01 19:01:00 UTC
365,1008117191,Match Odds,false,3.2,1.33,2021-09-30 19:01:00 UTC
736,1008135317,Match Odds,false,3.35,1.33,2021-10-06 16:01:00 UTC
674,1008135317,Match Odds,false,3.35,1.33,2021-10-06 13:01:00 UTC
1027,1008136403,Match Odds,false,3.35,1.33,2021-10-07 16:01:00 UTC
989,1008136403,Match Odds,false,3.35,1.33,2021-10-07 13:01:00 UTC
392,1008119053,Match Odds,false,2.38,1.58,2021-10-01 04:01:00 UTC
723,1008136184,Match Odds,false,2.4,1.58,2021-10-06 16:01:00 UTC
1091,1008136184,Match Odds,false,2.4,1.58,2021-10-07 16:01:00 UTC
796,1008136184,Match Odds,false,2.4,1.58,2021-10-06 19:01:00 UTC
104,1008074500,Match Odds,false,2.3,1.58,2021-09-17 04:01:00 UTC
621,1008128822,Match Odds,false,2.33,1.58,2021-10-04 16:01:00 UTC
1142,1008135301,Match Odds,false,2.33,1.58,2021-10-07 19:01:00 UTC
207,1008092632,Match Odds,false,2.35,1.58,2021-09-22 13:01:00 UTC
130,1008081464,Match Odds,false,13,1.02,2021-09-19 10:01:00 UTC
1195,1008136403,Match Odds,false,17,1.02,2021-10-07 22:01:00 UTC
184,1008091103,Match Odds,false,17,1.02,2021-09-22 10:01:00 UTC
2,1008034182,Match Odds,false,20,1.02,2021-09-06 07:01:00 UTC
935,1008135305,Match Odds,false,2.55,1.52,2021-10-07 10:01:00 UTC
218,1008100846,Match Odds,false,2.55,1.52,2021-09-25 07:01:00 UTC
895,1008135305,Match Odds,false,2.55,1.52,2021-10-07 07:01:00 UTC
873,1008135305,Match Odds,false,2.55,1.52,2021-10-07 04:01:00 UTC
840,1008135305,Match Odds,false,2.55,1.52,2021-10-06 22:01:00 UTC
979,1008135305,Match Odds,false,2.55,1.52,2021-10-07 13:01:00 UTC
785,1008135305,Match Odds,false,2.55,1.52,2021-10-06 19:01:00 UTC
762,1008135305,Match Odds,false,2.55,1.52,2021-10-06 16:01:00 UTC
574,1008135305,Match Odds,false,2.55,1.52,2021-10-05 22:01:00 UTC
423,1008119285,Match Odds,false,2.55,1.52,2021-10-01 13:01:00 UTC
640,1008136412,Match Odds,false,2.55,1.52,2021-10-06 10:01:00 UTC
98,1008015842,Match Odds,false,2,1.77,2021-09-01 16:01:00 UTC
132,1008099992,Match Odds,false,1.96,1.77,2021-09-25 04:01:00 UTC
176,1008088078,Match Odds,false,2.05,1.77,2021-09-21 04:01:00 UTC
34,1008083567,Match Odds,false,1.97,1.77,2021-09-19 10:01:00 UTC
221,1008021992,Match Odds,false,1.66,2.17,2021-09-03 19:01:00 UTC
615,1008135484,Match Odds,false,1.67,2.17,2021-10-06 07:01:00 UTC
680,1008135484,Match Odds,false,1.67,2.17,2021-10-06 13:01:00 UTC
977,1008136182,Match Odds,false,1.68,2.17,2021-10-07 13:01:00 UTC
932,1008136182,Match Odds,false,1.68,2.17,2021-10-07 10:01:00 UTC
896,1008136182,Match Odds,false,1.68,2.17,2021-10-07 07:01:00 UTC
859,1008136182,Match Odds,false,1.68,2.17,2021-10-07 04:01:00 UTC
248,1008074860,Match Odds,false,4,1.21,2021-09-17 13:01:00 UTC
125,1008015092,Match Odds,false,4.35,1.21,2021-09-01 22:01:00 UTC
1198,1008139230,Match Odds,false,4.6,1.21,2021-10-07 22:01:00 UTC
1291,1008139230,Match Odds,false,4.6,1.21,2021-10-08 04:01:00 UTC
1275,1008136564,Match Odds,false,2.65,1.46,2021-10-08 04:01:00 UTC
1202,1008136564,Match Odds,false,2.65,1.46,2021-10-07 22:01:00 UTC
1041,1008136564,Match Odds,false,2.65,1.46,2021-10-07 16:01:00 UTC
1138,1008136564,Match Odds,false,2.65,1.46,2021-10-07 19:01:00 UTC
355,1008114250,Match Odds,false,2.14,1.71,2021-09-30 19:01:00 UTC
1173,1008139646,Match Odds,false,2.14,1.71,2021-10-07 19:01:00 UTC
690,1008135316,Match Odds,false,2.14,1.71,2021-10-06 13:01:00 UTC
702,1008135316,Match Odds,false,2.14,1.71,2021-10-06 16:01:00 UTC
206,1008113227,Match Odds,false,2.14,1.71,2021-09-29 04:01:00 UTC
1069,1008139646,Match Odds,false,2.14,1.71,2021-10-07 16:01:00 UTC
1144,1008139108,Match Odds,false,1.84,1.96,2021-10-07 19:01:00 UTC
1217,1008139108,Match Odds,false,1.84,1.96,2021-10-07 22:01:00 UTC
1078,1008139108,Match Odds,false,1.84,1.96,2021-10-07 16:01:00 UTC
407,1008121200,Match Odds,false,1.84,1.96,2021-10-01 07:01:00 UTC
1241,1008139108,Match Odds,false,1.84,1.96,2021-10-08 04:01:00 UTC
418,1008121200,Match Odds,false,1.84,1.96,2021-10-01 10:01:00 UTC
425,1008121200,Match Odds,false,1.84,1.96,2021-10-01 13:01:00 UTC
384,1008121200,Match Odds,false,1.84,1.96,2021-10-01 04:01:00 UTC
678,1008135313,Match Odds,false,1.84,1.96,2021-10-06 13:01:00 UTC
565,1008136193,Match Odds,false,1.81,1.96,2021-10-06 07:01:00 UTC
658,1008136193,Match Odds,false,1.81,1.96,2021-10-06 10:01:00 UTC
701,1008136193,Match Odds,false,1.81,1.96,2021-10-06 16:01:00 UTC
1062,1008136570,Match Odds,false,1.6,2.3,2021-10-07 16:01:00 UTC
16,1008104597,Match Odds,false,1.6,2.3,2021-09-29 13:01:00 UTC
1107,1008136570,Match Odds,false,1.6,2.3,2021-10-07 19:01:00 UTC
122,1008019072,Match Odds,false,1.6,2.3,2021-09-02 19:01:00 UTC
1219,1008136570,Match Odds,false,1.6,2.3,2021-10-07 22:01:00 UTC
1278,1008136570,Match Odds,false,1.6,2.3,2021-10-08 04:01:00 UTC
1134,1008136182,Match Odds,false,1.62,2.3,2021-10-07 19:01:00 UTC
1277,1008139647,Match Odds,false,1.62,2.3,2021-10-08 04:01:00 UTC
339,1008110863,Match Odds,false,1.62,2.3,2021-09-30 13:01:00 UTC
1015,1008136182,Match Odds,false,1.62,2.3,2021-10-07 16:01:00 UTC
1127,1008139647,Match Odds,false,1.62,2.3,2021-10-07 19:01:00 UTC
1037,1008139647,Match Odds,false,1.62,2.3,2021-10-07 16:01:00 UTC
346,1008110863,Match Odds,false,1.62,2.3,2021-09-30 16:01:00 UTC
1236,1008139647,Match Odds,false,1.62,2.3,2021-10-07 22:01:00 UTC
546,1008128828,Match Odds,false,1.5,2.55,2021-10-04 19:01:00 UTC
1221,1008138562,Match Odds,false,1.52,2.55,2021-10-07 22:01:00 UTC
35,1008104249,Match Odds,false,1.52,2.55,2021-09-26 16:01:00 UTC
800,1008135299,Match Odds,false,1.52,2.55,2021-10-06 19:01:00 UTC
831,1008135299,Match Odds,false,1.52,2.55,2021-10-06 22:01:00 UTC
1070,1008135299,Match Odds,false,1.52,2.55,2021-10-07 16:01:00 UTC
1251,1008138562,Match Odds,false,1.52,2.55,2021-10-08 04:01:00 UTC
899,1008135299,Match Odds,false,1.52,2.55,2021-10-07 07:01:00 UTC
1177,1008138562,Match Odds,false,1.52,2.55,2021-10-07 19:01:00 UTC
600,1008135299,Match Odds,false,1.52,2.55,2021-10-05 22:01:00 UTC
969,1008135299,Match Odds,false,1.52,2.55,2021-10-07 13:01:00 UTC
1052,1008138562,Match Odds,false,1.52,2.55,2021-10-07 16:01:00 UTC
1030,1008136181,Match Odds,false,1.52,2.55,2021-10-07 16:01:00 UTC
714,1008135299,Match Odds,false,1.52,2.55,2021-10-06 16:01:00 UTC
971,1008136181,Match Odds,false,1.52,2.55,2021-10-07 13:01:00 UTC
870,1008135299,Match Odds,false,1.52,2.55,2021-10-07 04:01:00 UTC
930,1008135299,Match Odds,false,1.52,2.55,2021-10-07 10:01:00 UTC
1155,1008136407,Match Odds,false,1.48,2.55,2021-10-07 19:01:00 UTC
770,1008136181,Match Odds,false,1.44,2.8,2021-10-06 19:01:00 UTC
757,1008136181,Match Odds,false,1.44,2.8,2021-10-06 16:01:00 UTC
369,1008119546,Match Odds,false,1.44,2.8,2021-09-30 19:01:00 UTC
380,1008119546,Match Odds,false,1.44,2.8,2021-09-30 22:01:00 UTC
386,1008119546,Match Odds,false,1.44,2.8,2021-10-01 04:01:00 UTC
928,1008136181,Match Odds,false,1.45,2.8,2021-10-07 10:01:00 UTC
629,1008128821,Match Odds,false,1.4,2.8,2021-10-04 19:01:00 UTC
610,1008132388,Match Odds,false,1.42,2.8,2021-10-05 16:01:00 UTC
865,1008135304,Match Odds,false,1.38,3.05,2021-10-07 04:01:00 UTC
920,1008135304,Match Odds,false,1.38,3.05,2021-10-07 07:01:00 UTC
753,1008136186,Match Odds,false,1.38,3.05,2021-10-06 16:01:00 UTC
748,1008136174,Match Odds,false,1.38,3.05,2021-10-06 16:01:00 UTC
942,1008135304,Match Odds,false,1.38,3.05,2021-10-07 10:01:00 UTC
808,1008135304,Match Odds,false,1.38,3.05,2021-10-06 19:01:00 UTC
792,1008136174,Match Odds,false,1.38,3.05,2021-10-06 19:01:00 UTC
838,1008135304,Match Odds,false,1.38,3.05,2021-10-06 22:01:00 UTC
718,1008135304,Match Odds,false,1.38,3.05,2021-10-06 16:01:00 UTC
455,1008123666,Match Odds,false,1.38,3.05,2021-10-01 22:01:00 UTC
998,1008135304,Match Odds,false,1.38,3.05,2021-10-07 13:01:00 UTC
504,1008123535,Match Odds,false,1.38,3.05,2021-10-02 10:01:00 UTC
768,1008136186,Match Odds,false,1.38,3.05,2021-10-06 19:01:00 UTC
113,1008094249,Match Odds,false,1.34,3.05,2021-09-23 10:01:00 UTC
447,1008121290,Match Odds,false,1.36,3.05,2021-10-01 19:01:00 UTC
435,1008121290,Match Odds,false,1.36,3.05,2021-10-01 16:01:00 UTC
459,1008121290,Match Odds,false,1.36,3.05,2021-10-02 04:01:00 UTC
510,1008121290,Match Odds,false,1.36,3.05,2021-10-02 13:01:00 UTC
499,1008121290,Match Odds,false,1.36,3.05,2021-10-02 10:01:00 UTC
235,1008101095,Match Odds,false,1.36,3.05,2021-09-25 10:01:00 UTC
452,1008121290,Match Odds,false,1.36,3.05,2021-10-01 22:01:00 UTC
465,1008121290,Match Odds,false,1.36,3.05,2021-10-02 07:01:00 UTC
100,1008097132,Match Odds,false,1.32,3.3,2021-09-24 07:01:00 UTC
252,1008104535,Match Odds,false,1.32,3.3,2021-09-27 07:01:00 UTC
814,1008136188,Match Odds,false,1.33,3.3,2021-10-06 19:01:00 UTC
746,1008136188,Match Odds,false,1.33,3.3,2021-10-06 16:01:00 UTC
322,1008106258,Match Odds,false,1.33,3.3,2021-09-26 22:01:00 UTC
1231,1008136188,Match Odds,false,1.33,3.3,2021-10-07 22:01:00 UTC
1162,1008136188,Match Odds,false,1.33,3.3,2021-10-07 19:01:00 UTC
1248,1008136188,Match Odds,false,1.33,3.3,2021-10-08 04:01:00 UTC
1021,1008136188,Match Odds,false,1.33,3.3,2021-10-07 16:01:00 UTC
1101,1008135304,Match Odds,false,1.34,3.3,2021-10-07 16:01:00 UTC
633,1008132597,Match Odds,false,1.28,3.55,2021-10-05 16:01:00 UTC
590,1008132386,Match Odds,false,1.29,3.55,2021-10-05 19:01:00 UTC
428,1008117668,Match Odds,false,1.3,3.55,2021-10-01 13:01:00 UTC
436,1008117668,Match Odds,false,1.3,3.55,2021-10-01 16:01:00 UTC
415,1008120571,Match Odds,false,1.27,3.8,2021-10-01 10:01:00 UTC
394,1008120571,Match Odds,false,1.27,3.8,2021-10-01 04:01:00 UTC
404,1008120571,Match Odds,false,1.27,3.8,2021-10-01 07:01:00 UTC
381,1008120571,Match Odds,false,1.27,3.8,2021-09-30 22:01:00 UTC
236,1008106267,Match Odds,false,1.24,3.8,2021-09-27 10:01:00 UTC
742,1008135313,Match Odds,false,1.22,4.1,2021-10-06 16:01:00 UTC
18,1008075061,Match Odds,false,1.23,4.1,2021-09-17 13:01:00 UTC
604,1008136409,Match Odds,false,1.24,4.1,2021-10-06 07:01:00 UTC
766,1008136320,Match Odds,false,1.19,4.35,2021-10-06 19:01:00 UTC
170,1008103291,Match Odds,false,1.19,4.35,2021-09-26 10:01:00 UTC
246,1008016198,Match Odds,false,1.2,4.35,2021-09-01 16:01:00 UTC
215,1008101862,Match Odds,false,1.22,4.35,2021-09-25 19:01:00 UTC
297,1008083460,Match Odds,false,1.19,4.6,2021-09-21 07:01:00 UTC
94,1008087148,Match Odds,false,1.18,4.6,2021-09-22 04:01:00 UTC
40,1008101782,Match Odds,false,1.18,4.6,2021-09-25 19:01:00 UTC
14,1008021975,Match Odds,false,1.16,5.1,2021-09-03 16:01:00 UTC
181,1008076186,Match Odds,false,1.18,5.1,2021-09-18 07:01:00 UTC
199,1008103713,Match Odds,false,1.14,5.6,2021-09-28 04:01:00 UTC
482,1008103713,Match Odds,false,1.14,5.6,2021-09-28 04:01:00 UTC
860,1008139611,Match Odds,false,1.16,5.6,2021-10-07 04:01:00 UTC
167,1008104286,Match Odds,false,1.14,6.1,2021-09-26 16:01:00 UTC
6,1008113338,Match Odds,false,1.11,6.1,2021-09-29 13:01:00 UTC
74,1008083465,Match Odds,false,1.12,6.1,2021-09-20 16:01:00 UTC
781,1008136183,Match Odds,false,5.75,1.15,2021-10-06 19:01:00 UTC
495,1008106927,Match Odds,false,5.3,1.15,2021-09-27 22:01:00 UTC
60,1008106927,Match Odds,false,5.3,1.15,2021-09-27 22:01:00 UTC
1279,1008136183,Match Odds,false,5.6,1.15,2021-10-08 04:01:00 UTC
1068,1008136183,Match Odds,false,5.6,1.15,2021-10-07 16:01:00 UTC
1172,1008136183,Match Odds,false,5.6,1.15,2021-10-07 19:01:00 UTC
1212,1008136183,Match Odds,false,5.6,1.15,2021-10-07 22:01:00 UTC
127,1008106938,Match Odds,false,5.6,1.15,2021-09-28 19:01:00 UTC
596,1008132687,Match Odds,false,5.4,1.15,2021-10-05 19:01:00 UTC
341,1008114132,Match Odds,false,3,1.4,2021-09-30 16:01:00 UTC
631,1008135307,Match Odds,false,3,1.4,2021-10-06 07:01:00 UTC
1032,1008139114,Match Odds,false,3,1.4,2021-10-07 16:01:00 UTC
120,1008114132,Match Odds,false,3,1.4,2021-09-30 10:01:00 UTC
327,1008114132,Match Odds,false,3,1.4,2021-09-30 13:01:00 UTC
693,1008135307,Match Odds,false,3,1.4,2021-10-06 13:01:00 UTC
1159,1008139114,Match Odds,false,3,1.4,2021-10-07 19:01:00 UTC
1194,1008140248,Match Odds,false,3,1.4,2021-10-07 22:01:00 UTC
1188,1008139114,Match Odds,false,3,1.4,2021-10-07 22:01:00 UTC
358,1008114132,Match Odds,false,3,1.4,2021-09-30 19:01:00 UTC
1244,1008139114,Match Odds,false,3,1.4,2021-10-08 04:01:00 UTC
732,1008135307,Match Odds,false,3,1.4,2021-10-06 16:01:00 UTC
1273,1008140248,Match Odds,false,3,1.4,2021-10-08 04:01:00 UTC
502,1008123986,Match Odds,false,3,1.4,2021-10-02 10:01:00 UTC
663,1008135307,Match Odds,false,3,1.4,2021-10-06 10:01:00 UTC
1056,1008136174,Match Odds,false,2.88,1.4,2021-10-07 16:01:00 UTC
611,1008132594,Match Odds,false,2.88,1.4,2021-10-05 16:01:00 UTC
117,1008108791,Match Odds,false,2.88,1.4,2021-09-29 07:01:00 UTC
271,1008084527,Match Odds,false,2.8,1.4,2021-09-22 07:01:00 UTC
330,1008112816,Match Odds,false,2.8,1.4,2021-09-30 13:01:00 UTC
298,1008088828,Match Odds,false,2.8,1.4,2021-09-23 07:01:00 UTC
273,1008096993,Match Odds,false,2.95,1.4,2021-09-24 07:01:00 UTC
210,1008104194,Match Odds,false,2.14,1.65,2021-09-26 16:01:00 UTC
551,1008128837,Match Odds,false,2.15,1.65,2021-10-04 19:01:00 UTC
194,1008108796,Match Odds,false,2.18,1.65,2021-09-28 16:01:00 UTC
487,1008108796,Match Odds,false,2.18,1.65,2021-09-28 16:01:00 UTC
645,1008136171,Match Odds,false,2.2,1.65,2021-10-06 10:01:00 UTC
685,1008136171,Match Odds,false,2.2,1.65,2021-10-06 13:01:00 UTC
813,1008135309,Match Odds,false,2.2,1.65,2021-10-06 19:01:00 UTC
634,1008135314,Match Odds,false,1.9,1.9,2021-10-06 07:01:00 UTC
61,1008103298,Match Odds,false,1.9,1.9,2021-09-26 10:01:00 UTC
1084,1008139613,Match Odds,false,1.9,1.9,2021-10-07 16:01:00 UTC
730,1008135314,Match Odds,false,1.9,1.9,2021-10-06 16:01:00 UTC
686,1008135314,Match Odds,false,1.9,1.9,2021-10-06 13:01:00 UTC
643,1008135313,Match Odds,false,1.9,1.9,2021-10-06 10:01:00 UTC
985,1008139613,Match Odds,false,1.9,1.9,2021-10-07 13:01:00 UTC
767,1008135314,Match Odds,false,1.9,1.9,2021-10-06 19:01:00 UTC
894,1008139613,Match Odds,false,1.9,1.9,2021-10-07 07:01:00 UTC
956,1008139613,Match Odds,false,1.9,1.9,2021-10-07 10:01:00 UTC
451,1008122750,Match Odds,false,1.85,1.9,2021-10-01 22:01:00 UTC
432,1008122750,Match Odds,false,1.85,1.9,2021-10-01 16:01:00 UTC
154,1008103297,Match Odds,false,1.85,1.9,2021-09-26 10:01:00 UTC
462,1008122750,Match Odds,false,1.85,1.9,2021-10-02 04:01:00 UTC
446,1008122750,Match Odds,false,1.85,1.9,2021-10-01 19:01:00 UTC
1288,1008136582,Match Odds,false,1.86,1.9,2021-10-08 04:01:00 UTC
214,1008028814,Match Odds,false,1.86,1.9,2021-09-05 19:01:00 UTC
1224,1008136582,Match Odds,false,1.86,1.9,2021-10-07 22:01:00 UTC
255,1008103718,Match Odds,false,1.65,2.18,2021-09-27 10:01:00 UTC
1026,1008139652,Match Odds,false,1.68,2.18,2021-10-07 16:01:00 UTC
887,1008136172,Match Odds,false,1.68,2.18,2021-10-07 07:01:00 UTC
1150,1008139652,Match Odds,false,1.68,2.18,2021-10-07 19:01:00 UTC
864,1008136172,Match Odds,false,1.68,2.18,2021-10-07 04:01:00 UTC
1218,1008139652,Match Odds,false,1.68,2.18,2021-10-07 22:01:00 UTC
518,1008125767,Match Odds,false,1.57,2.43,2021-10-02 19:01:00 UTC
514,1008125767,Match Odds,false,1.57,2.43,2021-10-02 16:01:00 UTC
555,1008135477,Match Odds,false,1.55,2.43,2021-10-06 07:01:00 UTC
639,1008135477,Match Odds,false,1.55,2.43,2021-10-06 10:01:00 UTC
731,1008135306,Match Odds,false,1.56,2.43,2021-10-06 16:01:00 UTC
669,1008135306,Match Odds,false,1.56,2.43,2021-10-06 13:01:00 UTC
644,1008135306,Match Odds,false,1.56,2.43,2021-10-06 10:01:00 UTC
266,1008087425,Match Odds,false,7,1.09,2021-09-21 07:01:00 UTC
543,1008132664,Match Odds,false,7,1.09,2021-10-05 19:01:00 UTC
85,1008018737,Match Odds,false,7.5,1.09,2021-09-02 16:01:00 UTC
598,1008132596,Match Odds,false,7.5,1.09,2021-10-05 16:01:00 UTC
119,1008104905,Match Odds,false,7.5,1.09,2021-09-28 10:01:00 UTC
486,1008104905,Match Odds,false,7.5,1.09,2021-09-28 10:01:00 UTC
234,1008090448,Match Odds,false,8,1.09,2021-09-21 22:01:00 UTC
1099,1008139701,Match Odds,false,3.25,1.34,2021-10-07 16:01:00 UTC
1157,1008139701,Match Odds,false,3.25,1.34,2021-10-07 19:01:00 UTC
1247,1008139701,Match Odds,false,3.25,1.34,2021-10-08 04:01:00 UTC
1210,1008139701,Match Odds,false,3.25,1.34,2021-10-07 22:01:00 UTC
317,1008091101,Match Odds,false,3.15,1.34,2021-09-23 13:01:00 UTC
1193,1008136581,Match Odds,false,3.15,1.34,2021-10-07 22:01:00 UTC
1054,1008136581,Match Odds,false,3.15,1.34,2021-10-07 16:01:00 UTC
1152,1008136581,Match Odds,false,3.15,1.34,2021-10-07 19:01:00 UTC
1272,1008136581,Match Odds,false,3.15,1.34,2021-10-08 04:01:00 UTC
1170,1008135525,Match Odds,false,3.05,1.34,2021-10-07 19:01:00 UTC
638,1008135314,Match Odds,false,1.96,1.84,2021-10-06 10:01:00 UTC
562,1008135313,Match Odds,false,1.96,1.84,2021-10-06 07:01:00 UTC
1064,1008136180,Match Odds,false,1.96,1.84,2021-10-07 16:01:00 UTC
232,1008083456,Match Odds,false,1.9,1.84,2021-09-21 10:01:00 UTC
672,1008136193,Match Odds,false,1.93,1.84,2021-10-06 13:01:00 UTC
25,1008018806,Match Odds,false,1.73,2.06,2021-09-02 16:01:00 UTC
227,1008083281,Match Odds,false,12,1.03,2021-09-21 13:01:00 UTC
276,1008081423,Match Odds,false,3.5,1.28,2021-09-19 07:01:00 UTC
315,1008083563,Match Odds,false,3.5,1.28,2021-09-19 04:01:00 UTC
485,1008104902,Match Odds,false,3.55,1.28,2021-09-28 13:01:00 UTC
178,1008104902,Match Odds,false,3.55,1.28,2021-09-28 13:01:00 UTC
50,1008097819,Match Odds,false,3.7,1.28,2021-09-24 10:01:00 UTC
162,1008025381,Match Odds,false,3.7,1.28,2021-09-04 16:01:00 UTC
1240,1008139658,Match Odds,false,3.7,1.28,2021-10-08 04:01:00 UTC
1176,1008139658,Match Odds,false,3.7,1.28,2021-10-07 19:01:00 UTC
1228,1008139658,Match Odds,false,3.7,1.28,2021-10-07 22:01:00 UTC
1092,1008139658,Match Odds,false,3.7,1.28,2021-10-07 16:01:00 UTC
70,1008029203,Match Odds,false,2.5,1.53,2021-09-05 19:01:00 UTC
265,1008025145,Match Odds,false,2.5,1.53,2021-09-04 19:01:00 UTC
848,1008135498,Match Odds,false,2.4,1.53,2021-10-06 22:01:00 UTC
660,1008136428,Match Odds,false,2,1.78,2021-10-06 10:01:00 UTC
666,1008136428,Match Odds,false,2,1.78,2021-10-06 13:01:00 UTC
724,1008136428,Match Odds,false,2,1.78,2021-10-06 16:01:00 UTC
594,1008136428,Match Odds,false,2,1.78,2021-10-06 07:01:00 UTC
238,1008015202,Match Odds,false,1.98,1.78,2021-09-01 16:01:00 UTC
192,1008102845,Match Odds,false,4,1.22,2021-09-26 07:01:00 UTC
47,1008077198,Match Odds,false,4.1,1.22,2021-09-18 07:01:00 UTC
57,1008087424,Match Odds,false,4.4,1.22,2021-09-20 22:01:00 UTC
398,1008121752,Match Odds,false,2.7,1.47,2021-10-01 07:01:00 UTC
438,1008121752,Match Odds,false,2.7,1.47,2021-10-01 16:01:00 UTC
445,1008121752,Match Odds,false,2.7,1.47,2021-10-01 19:01:00 UTC
469,1008123986,Match Odds,false,2.7,1.47,2021-10-02 07:01:00 UTC
416,1008121752,Match Odds,false,2.7,1.47,2021-10-01 10:01:00 UTC
421,1008121752,Match Odds,false,2.7,1.47,2021-10-01 13:01:00 UTC
169,1008075187,Match Odds,false,2.6,1.47,2021-09-17 10:01:00 UTC
159,1008100392,Match Odds,false,2.6,1.47,2021-09-25 07:01:00 UTC
1199,1008136189,Match Odds,false,2.12,1.72,2021-10-07 22:01:00 UTC
1014,1008136189,Match Odds,false,2.12,1.72,2021-10-07 16:01:00 UTC
1121,1008136189,Match Odds,false,2.12,1.72,2021-10-07 19:01:00 UTC
1258,1008136189,Match Odds,false,2.12,1.72,2021-10-08 04:01:00 UTC
30,1008021993,Match Odds,false,1.83,1.97,2021-09-03 19:01:00 UTC
172,1008052650,Match Odds,false,1.75,2.07,2021-09-12 21:16:37.449253 UTC
982,1008136172,Match Odds,false,1.76,2.07,2021-10-07 13:01:00 UTC
1086,1008136172,Match Odds,false,1.76,2.07,2021-10-07 16:01:00 UTC
212,1008117075,Match Odds,false,1.61,2.32,2021-09-30 10:01:00 UTC
216,1008103733,Match Odds,false,1.61,2.32,2021-09-28 19:01:00 UTC
331,1008117075,Match Odds,false,1.61,2.32,2021-09-30 13:01:00 UTC
296,1008081463,Match Odds,false,5.25,1.16,2021-09-19 10:01:00 UTC
1200,1008139648,Match Odds,false,5.4,1.16,2021-10-07 22:01:00 UTC
1265,1008139648,Match Odds,false,5.4,1.16,2021-10-08 04:01:00 UTC
1083,1008139648,Match Odds,false,5.4,1.16,2021-10-07 16:01:00 UTC
1160,1008139648,Match Odds,false,5.4,1.16,2021-10-07 19:01:00 UTC
79,1008075184,Match Odds,false,2.75,1.41,2021-09-17 16:01:00 UTC
156,1008028909,Match Odds,false,2.88,1.41,2021-09-05 16:01:00 UTC
1058,1008136408,Match Odds,false,2.95,1.41,2021-10-07 16:01:00 UTC
191,1008116605,Match Odds,false,2.85,1.41,2021-09-30 10:01:00 UTC
1089,1008136406,Match Odds,false,2.85,1.41,2021-10-07 16:01:00 UTC
92,1008113226,Match Odds,false,2.17,1.66,2021-09-29 07:01:00 UTC
1085,1008136402,Match Odds,false,2.23,1.66,2021-10-07 16:01:00 UTC
925,1008136178,Match Odds,false,2.23,1.66,2021-10-07 10:01:00 UTC
1008,1008136402,Match Odds,false,2.23,1.66,2021-10-07 13:01:00 UTC
949,1008136173,Match Odds,false,2.23,1.66,2021-10-07 10:01:00 UTC
836,1008136178,Match Odds,false,2.23,1.66,2021-10-06 22:01:00 UTC
976,1008136178,Match Odds,false,2.23,1.66,2021-10-07 13:01:00 UTC
333,1008114250,Match Odds,false,2.23,1.66,2021-09-30 13:01:00 UTC
124,1008114250,Match Odds,false,2.23,1.66,2021-09-30 10:01:00 UTC
962,1008136402,Match Odds,false,2.23,1.66,2021-10-07 10:01:00 UTC
342,1008114250,Match Odds,false,2.23,1.66,2021-09-30 16:01:00 UTC
405,1008117041,Match Odds,false,1.64,2.2,2021-10-01 07:01:00 UTC
419,1008117041,Match Odds,false,1.64,2.2,2021-10-01 10:01:00 UTC
373,1008117041,Match Odds,false,1.64,2.2,2021-09-30 22:01:00 UTC
93,1008077325,Match Odds,false,1.64,2.2,2021-09-18 07:01:00 UTC
352,1008117041,Match Odds,false,1.64,2.2,2021-09-30 16:01:00 UTC
431,1008117041,Match Odds,false,1.64,2.2,2021-10-01 16:01:00 UTC
362,1008117041,Match Odds,false,1.64,2.2,2021-09-30 19:01:00 UTC
426,1008117041,Match Odds,false,1.64,2.2,2021-10-01 13:01:00 UTC
337,1008117041,Match Odds,false,1.64,2.2,2021-09-30 13:01:00 UTC
393,1008117041,Match Odds,false,1.64,2.2,2021-10-01 04:01:00 UTC
1087,1008136563,Match Odds,false,1.65,2.2,2021-10-07 16:01:00 UTC
336,1008114274,Match Odds,false,1.65,2.2,2021-09-30 13:01:00 UTC
1112,1008136563,Match Odds,false,1.65,2.2,2021-10-07 19:01:00 UTC
1190,1008136563,Match Odds,false,1.65,2.2,2021-10-07 22:01:00 UTC
1282,1008136563,Match Odds,false,1.65,2.2,2021-10-08 04:01:00 UTC
427,1008121753,Match Odds,false,1.67,2.2,2021-10-01 13:01:00 UTC
397,1008121753,Match Odds,false,1.67,2.2,2021-10-01 07:01:00 UTC
411,1008121753,Match Odds,false,1.67,2.2,2021-10-01 10:01:00 UTC
434,1008121753,Match Odds,false,1.67,2.2,2021-10-01 16:01:00 UTC
443,1008121753,Match Odds,false,1.67,2.2,2021-10-01 19:01:00 UTC
321,1008104593,Match Odds,false,1.5,2.45,2021-09-29 10:01:00 UTC
1045,1008135497,Match Odds,false,1.5,2.45,2021-10-07 16:01:00 UTC
473,1008105308,Match Odds,false,1.53,2.45,2021-09-28 07:01:00 UTC
264,1008105308,Match Odds,false,1.53,2.45,2021-09-28 07:01:00 UTC
1243,1008141966,Match Odds,false,1.53,2.45,2021-10-08 04:01:00 UTC
45,1008076182,Match Odds,false,1.56,2.45,2021-09-18 13:01:00 UTC
614,1008135304,Match Odds,false,1.46,2.7,2021-10-05 22:01:00 UTC
1139,1008135298,Match Odds,false,1.47,2.7,2021-10-07 19:01:00 UTC
911,1008135298,Match Odds,false,1.47,2.7,2021-10-07 07:01:00 UTC
1222,1008139603,Match Odds,false,1.47,2.7,2021-10-07 22:01:00 UTC
1253,1008139603,Match Odds,false,1.47,2.7,2021-10-08 04:01:00 UTC
995,1008135298,Match Odds,false,1.47,2.7,2021-10-07 13:01:00 UTC
1209,1008139651,Match Odds,false,1.47,2.7,2021-10-07 22:01:00 UTC
552,1008135298,Match Odds,false,1.47,2.7,2021-10-05 22:01:00 UTC
879,1008135298,Match Odds,false,1.47,2.7,2021-10-07 04:01:00 UTC
1046,1008139603,Match Odds,false,1.47,2.7,2021-10-07 16:01:00 UTC
1098,1008139711,Match Odds,false,1.47,2.7,2021-10-07 16:01:00 UTC
1031,1008135298,Match Odds,false,1.47,2.7,2021-10-07 16:01:00 UTC
832,1008135298,Match Odds,false,1.47,2.7,2021-10-06 22:01:00 UTC
1136,1008139651,Match Odds,false,1.47,2.7,2021-10-07 19:01:00 UTC
1289,1008139711,Match Odds,false,1.47,2.7,2021-10-08 04:01:00 UTC
1225,1008139711,Match Odds,false,1.47,2.7,2021-10-07 22:01:00 UTC
1148,1008139711,Match Odds,false,1.47,2.7,2021-10-07 19:01:00 UTC
400,1008119546,Match Odds,false,1.47,2.7,2021-10-01 07:01:00 UTC
809,1008135298,Match Odds,false,1.47,2.7,2021-10-06 19:01:00 UTC
1017,1008139651,Match Odds,false,1.47,2.7,2021-10-07 16:01:00 UTC
1287,1008139651,Match Odds,false,1.47,2.7,2021-10-08 04:01:00 UTC
739,1008135298,Match Odds,false,1.47,2.7,2021-10-06 16:01:00 UTC
959,1008135298,Match Odds,false,1.47,2.7,2021-10-07 10:01:00 UTC
1140,1008139603,Match Odds,false,1.47,2.7,2021-10-07 19:01:00 UTC
430,1008121200,Match Odds,false,1.43,2.7,2021-10-01 16:01:00 UTC
99,1008104904,Match Odds,false,1.38,2.95,2021-09-28 07:01:00 UTC
474,1008104904,Match Odds,false,1.38,2.95,2021-09-28 07:01:00 UTC
103,1008022449,Match Odds,false,1.4,2.95,2021-09-03 22:01:00 UTC
151,1008044421,Match Odds,false,1.41,2.95,2021-09-10 19:01:00 UTC
422,1008120571,Match Odds,false,1.37,2.95,2021-10-01 13:01:00 UTC
467,1008123535,Match Odds,false,1.35,3.2,2021-10-02 07:01:00 UTC
1274,1008136186,Match Odds,false,1.35,3.2,2021-10-08 04:01:00 UTC
1040,1008136186,Match Odds,false,1.35,3.2,2021-10-07 16:01:00 UTC
1201,1008136186,Match Odds,false,1.35,3.2,2021-10-07 22:01:00 UTC
458,1008123535,Match Odds,false,1.35,3.2,2021-10-02 04:01:00 UTC
456,1008123535,Match Odds,false,1.35,3.2,2021-10-01 22:01:00 UTC
1137,1008136186,Match Odds,false,1.35,3.2,2021-10-07 19:01:00 UTC
371,1008117668,Match Odds,false,1.32,3.45,2021-09-30 22:01:00 UTC
1145,1008139659,Match Odds,false,1.32,3.45,2021-10-07 19:01:00 UTC
773,1008136179,Match Odds,false,1.32,3.45,2021-10-06 19:01:00 UTC
325,1008117668,Match Odds,false,1.32,3.45,2021-09-30 13:01:00 UTC
760,1008136179,Match Odds,false,1.32,3.45,2021-10-06 16:01:00 UTC
868,1008136179,Match Odds,false,1.32,3.45,2021-10-07 04:01:00 UTC
886,1008136179,Match Odds,false,1.32,3.45,2021-10-07 07:01:00 UTC
1290,1008139659,Match Odds,false,1.32,3.45,2021-10-08 04:01:00 UTC
1204,1008139659,Match Odds,false,1.32,3.45,2021-10-07 22:01:00 UTC
357,1008117668,Match Odds,false,1.32,3.45,2021-09-30 19:01:00 UTC
1081,1008139659,Match Odds,false,1.32,3.45,2021-10-07 16:01:00 UTC
347,1008117668,Match Odds,false,1.32,3.45,2021-09-30 16:01:00 UTC
827,1008136179,Match Odds,false,1.32,3.45,2021-10-06 22:01:00 UTC
182,1008081706,Match Odds,false,1.28,3.45,2021-09-19 10:01:00 UTC
570,1008128829,Match Odds,false,1.3,3.45,2021-10-04 16:01:00 UTC
783,1008136423,Match Odds,false,1.25,3.7,2021-10-06 19:01:00 UTC
292,1008014948,Match Odds,false,1.26,3.7,2021-09-01 16:01:00 UTC
368,1008120571,Match Odds,false,1.28,3.7,2021-09-30 19:01:00 UTC
161,1008113438,Match Odds,false,1.26,3.95,2021-09-29 13:01:00 UTC
62,1008106939,Match Odds,false,1.23,3.95,2021-09-29 19:01:00 UTC
756,1008136423,Match Odds,false,1.24,3.95,2021-10-06 16:01:00 UTC
572,1008132608,Match Odds,false,1.24,3.95,2021-10-05 19:01:00 UTC
612,1008132502,Match Odds,false,1.24,3.95,2021-10-05 19:01:00 UTC
661,1008136423,Match Odds,false,1.24,3.95,2021-10-06 10:01:00 UTC
667,1008136423,Match Odds,false,1.24,3.95,2021-10-06 13:01:00 UTC
316,1008083564,Match Odds,false,1.22,4.15,2021-09-19 07:01:00 UTC
536,1008126597,Match Odds,false,1.19,4.4,2021-10-03 19:01:00 UTC
12,1008015867,Match Odds,false,1.2,4.4,2021-09-01 13:01:00 UTC
1095,1008136173,Match Odds,false,1.21,4.4,2021-10-07 16:01:00 UTC
186,1008094854,Match Odds,false,1.15,4.9,2021-09-23 07:01:00 UTC
115,1008015679,Match Odds,false,1.17,4.9,2021-09-01 13:01:00 UTC
656,1008136320,Match Odds,false,1.18,4.9,2021-10-06 10:01:00 UTC
568,1008136320,Match Odds,false,1.18,4.9,2021-10-06 07:01:00 UTC
519,1008123666,Match Odds,false,1.12,6.4,2021-10-02 19:01:00 UTC
797,1008136192,Match Odds,false,6.5,1.1,2021-10-06 19:01:00 UTC
28,1008101783,Match Odds,false,6.5,1.1,2021-09-25 19:01:00 UTC
991,1008135303,Match Odds,false,7.5,1.1,2021-10-07 13:01:00 UTC
187,1008081417,Match Odds,false,6.35,1.1,2021-09-19 07:01:00 UTC
89,1008112147,Match Odds,false,3,1.35,2021-09-29 07:01:00 UTC
129,1008103295,Match Odds,false,3,1.35,2021-09-26 10:01:00 UTC
888,1008139605,Match Odds,false,3.25,1.35,2021-10-07 07:01:00 UTC
1113,1008139605,Match Odds,false,3.25,1.35,2021-10-07 19:01:00 UTC
1088,1008139605,Match Odds,false,3.25,1.35,2021-10-07 16:01:00 UTC
983,1008139605,Match Odds,false,3.25,1.35,2021-10-07 13:01:00 UTC
958,1008139605,Match Odds,false,3.25,1.35,2021-10-07 10:01:00 UTC
823,1008136176,Match Odds,false,3.2,1.35,2021-10-06 22:01:00 UTC
743,1008136176,Match Odds,false,3.2,1.35,2021-10-06 16:01:00 UTC
1009,1008136176,Match Odds,false,3.2,1.35,2021-10-07 13:01:00 UTC
1161,1008136176,Match Odds,false,3.2,1.35,2021-10-07 19:01:00 UTC
918,1008136176,Match Odds,false,3.2,1.35,2021-10-07 07:01:00 UTC
1149,1008136403,Match Odds,false,3.2,1.35,2021-10-07 19:01:00 UTC
964,1008136176,Match Odds,false,3.2,1.35,2021-10-07 10:01:00 UTC
806,1008136176,Match Odds,false,3.2,1.35,2021-10-06 19:01:00 UTC
1063,1008136176,Match Odds,false,3.2,1.35,2021-10-07 16:01:00 UTC
866,1008136176,Match Odds,false,3.2,1.35,2021-10-07 04:01:00 UTC
11,1008108087,Match Odds,false,3.2,1.35,2021-09-29 04:01:00 UTC
712,1008135310,Match Odds,false,3.1,1.35,2021-10-06 16:01:00 UTC
134,1008106333,Match Odds,false,2.25,1.6,2021-09-27 16:01:00 UTC
1266,1008136566,Match Odds,false,2.28,1.6,2021-10-08 04:01:00 UTC
1203,1008136566,Match Odds,false,2.28,1.6,2021-10-07 22:01:00 UTC
1143,1008136566,Match Odds,false,2.28,1.6,2021-10-07 19:01:00 UTC
1060,1008136566,Match Odds,false,2.28,1.6,2021-10-07 16:01:00 UTC
349,1008117075,Match Odds,false,2.28,1.6,2021-09-30 16:01:00 UTC
454,1008121753,Match Odds,false,2.28,1.6,2021-10-01 22:01:00 UTC
251,1008083565,Match Odds,false,2.2,1.6,2021-09-19 10:01:00 UTC
7,1008113759,Match Odds,false,2.35,1.6,2021-09-30 10:01:00 UTC
847,1008136402,Match Odds,false,2.35,1.6,2021-10-06 22:01:00 UTC
475,1008103732,Match Odds,false,2.35,1.6,2021-09-27 19:01:00 UTC
10,1008103732,Match Odds,false,2.35,1.6,2021-09-27 19:01:00 UTC
856,1008136402,Match Odds,false,2.35,1.6,2021-10-07 04:01:00 UTC
622,1008132613,Match Odds,false,2.23,1.6,2021-10-05 22:01:00 UTC
1167,1008136402,Match Odds,false,1.91,1.85,2021-10-07 19:01:00 UTC
698,1008135481,Match Odds,false,1.72,2.08,2021-10-06 16:01:00 UTC
676,1008135481,Match Odds,false,1.72,2.08,2021-10-06 13:01:00 UTC
83,1008097888,Match Odds,false,1.74,2.08,2021-09-24 19:01:00 UTC
408,1008119399,Match Odds,false,1.68,2.08,2021-10-01 07:01:00 UTC
244,1008101786,Match Odds,false,1.68,2.08,2021-09-25 19:01:00 UTC
165,1008091163,Match Odds,false,1.57,2.33,2021-09-22 13:01:00 UTC
1115,1008136187,Match Odds,false,1.6,2.33,2021-10-07 19:01:00 UTC
1184,1008136187,Match Odds,false,1.6,2.33,2021-10-07 22:01:00 UTC
772,1008136187,Match Odds,false,1.6,2.33,2021-10-06 19:01:00 UTC
1259,1008136187,Match Odds,false,1.6,2.33,2021-10-08 04:01:00 UTC
1044,1008136187,Match Odds,false,1.6,2.33,2021-10-07 16:01:00 UTC
752,1008136187,Match Odds,false,1.6,2.33,2021-10-06 16:01:00 UTC
21,1008015093,Match Odds,false,11,1.04,2021-09-01 16:01:00 UTC
417,1008118428,Match Odds,false,11.5,1.04,2021-10-01 10:01:00 UTC
303,1008015836,Match Odds,false,12.5,1.04,2021-09-01 19:01:00 UTC
1211,1008136571,Match Odds,false,3.5,1.29,2021-10-07 22:01:00 UTC
1264,1008136571,Match Odds,false,3.5,1.29,2021-10-08 04:01:00 UTC
1042,1008136571,Match Odds,false,3.5,1.29,2021-10-07 16:01:00 UTC
728,1008136192,Match Odds,false,3.5,1.29,2021-10-06 16:01:00 UTC
1116,1008136571,Match Odds,false,3.5,1.29,2021-10-07 19:01:00 UTC
356,1008118428,Match Odds,false,3.6,1.29,2021-09-30 19:01:00 UTC
375,1008118428,Match Odds,false,3.6,1.29,2021-09-30 22:01:00 UTC
391,1008118428,Match Odds,false,3.6,1.29,2021-10-01 04:01:00 UTC
399,1008118428,Match Odds,false,3.6,1.29,2021-10-01 07:01:00 UTC
367,1008110863,Match Odds,false,2.4,1.54,2021-09-30 19:01:00 UTC
201,1008091100,Match Odds,false,2.4,1.54,2021-09-22 16:01:00 UTC
561,1008135300,Match Odds,false,2.48,1.54,2021-10-05 22:01:00 UTC
828,1008135300,Match Odds,false,2.48,1.54,2021-10-06 22:01:00 UTC
948,1008135300,Match Odds,false,2.48,1.54,2021-10-07 10:01:00 UTC
741,1008135300,Match Odds,false,2.48,1.54,2021-10-06 16:01:00 UTC
810,1008135300,Match Odds,false,2.48,1.54,2021-10-06 19:01:00 UTC
1003,1008135300,Match Odds,false,2.48,1.54,2021-10-07 13:01:00 UTC
854,1008135300,Match Odds,false,2.48,1.54,2021-10-07 04:01:00 UTC
898,1008135300,Match Odds,false,2.48,1.54,2021-10-07 07:01:00 UTC
526,1008126659,Match Odds,false,2.02,1.79,2021-10-03 07:01:00 UTC
529,1008126659,Match Odds,false,2.02,1.79,2021-10-03 10:01:00 UTC
189,1008115549,Match Odds,false,2.02,1.79,2021-09-30 04:01:00 UTC
824,1008136180,Match Odds,false,2.04,1.79,2021-10-06 22:01:00 UTC
744,1008136180,Match Odds,false,2.04,1.79,2021-10-06 16:01:00 UTC
807,1008136180,Match Odds,false,2.04,1.79,2021-10-06 19:01:00 UTC
293,1008025360,Match Odds,false,1.98,1.79,2021-09-04 19:01:00 UTC
175,1008088058,Match Odds,false,4,1.23,2021-09-21 10:01:00 UTC
140,1008018592,Match Odds,false,4,1.23,2021-09-02 13:01:00 UTC
180,1008075452,Match Odds,false,4,1.23,2021-09-17 16:01:00 UTC
1047,1008139230,Match Odds,false,4.25,1.23,2021-10-07 16:01:00 UTC
1128,1008139230,Match Odds,false,4.25,1.23,2021-10-07 19:01:00 UTC
553,1008132389,Match Odds,false,3.9,1.23,2021-10-05 19:01:00 UTC
222,1008084524,Match Odds,false,3.8,1.23,2021-09-20 13:01:00 UTC
281,1008083279,Match Odds,false,3.85,1.23,2021-09-23 04:01:00 UTC
112,1008081708,Match Odds,false,3.85,1.23,2021-09-19 07:01:00 UTC
613,1008136412,Match Odds,false,2.65,1.48,2021-10-06 07:01:00 UTC
413,1008119285,Match Odds,false,2.65,1.48,2021-10-01 10:01:00 UTC
376,1008119285,Match Odds,false,2.65,1.48,2021-09-30 22:01:00 UTC
310,1008106284,Match Odds,false,2.65,1.48,2021-09-28 16:01:00 UTC
402,1008119285,Match Odds,false,2.65,1.48,2021-10-01 07:01:00 UTC
492,1008106284,Match Odds,false,2.65,1.48,2021-09-28 16:01:00 UTC
366,1008119285,Match Odds,false,2.65,1.48,2021-09-30 19:01:00 UTC
390,1008119285,Match Odds,false,2.65,1.48,2021-10-01 04:01:00 UTC
157,1008092433,Match Odds,false,2.6,1.48,2021-09-23 16:01:00 UTC
193,1008103615,Match Odds,false,2.02,1.73,2021-09-26 13:01:00 UTC
738,1008136171,Match Odds,false,2.02,1.73,2021-10-06 16:01:00 UTC
788,1008135498,Match Odds,false,2.05,1.73,2021-10-06 19:01:00 UTC
884,1008136178,Match Odds,false,2.1,1.73,2021-10-07 07:01:00 UTC
871,1008136178,Match Odds,false,2.1,1.73,2021-10-07 04:01:00 UTC
657,1008136411,Match Odds,false,2.12,1.73,2021-10-06 10:01:00 UTC
578,1008128833,Match Odds,false,1.76,1.98,2021-10-04 19:01:00 UTC
155,1008115533,Match Odds,false,1.83,1.98,2021-09-30 10:01:00 UTC
77,1008104533,Match Odds,false,4.8,1.17,2021-09-27 07:01:00 UTC
51,1008112141,Match Odds,false,5.1,1.17,2021-09-29 10:01:00 UTC
111,1008041072,Match Odds,false,5.4,1.17,2021-09-10 16:01:00 UTC
955,1008136408,Match Odds,false,2.88,1.42,2021-10-07 10:01:00 UTC
923,1008136408,Match Odds,false,2.88,1.42,2021-10-07 07:01:00 UTC
794,1008136408,Match Odds,false,2.88,1.42,2021-10-06 19:01:00 UTC
878,1008136408,Match Odds,false,2.88,1.42,2021-10-07 04:01:00 UTC
23,1008083453,Match Odds,false,2.88,1.42,2021-09-22 10:01:00 UTC
1002,1008136408,Match Odds,false,2.88,1.42,2021-10-07 13:01:00 UTC
845,1008136408,Match Odds,false,2.88,1.42,2021-10-06 22:01:00 UTC
750,1008136408,Match Odds,false,2.88,1.42,2021-10-06 16:01:00 UTC
267,1008097135,Match Odds,false,2.7,1.42,2021-09-24 04:01:00 UTC
1179,1008138638,Match Odds,false,2.85,1.42,2021-10-07 22:01:00 UTC
1051,1008138638,Match Odds,false,2.85,1.42,2021-10-07 16:01:00 UTC
1242,1008138638,Match Odds,false,2.85,1.42,2021-10-08 04:01:00 UTC
1120,1008138638,Match Odds,false,2.85,1.42,2021-10-07 19:01:00 UTC
803,1008135307,Match Odds,false,2.85,1.42,2021-10-06 19:01:00 UTC
285,1008106334,Match Odds,false,2.15,1.67,2021-09-28 19:01:00 UTC
78,1008105309,Match Odds,false,2.16,1.67,2021-09-28 10:01:00 UTC
497,1008105309,Match Odds,false,2.16,1.67,2021-09-28 10:01:00 UTC
650,1008135316,Match Odds,false,2.2,1.67,2021-10-06 10:01:00 UTC
542,1008135316,Match Odds,false,2.2,1.67,2021-10-06 07:01:00 UTC
219,1008018959,Match Odds,false,6.5,1.11,2021-09-02 19:01:00 UTC
603,1008132598,Match Odds,false,6.75,1.11,2021-10-05 13:01:00 UTC
626,1008136192,Match Odds,false,3.05,1.36,2021-10-06 07:01:00 UTC
687,1008136192,Match Odds,false,3.05,1.36,2021-10-06 13:01:00 UTC
647,1008136192,Match Odds,false,3.05,1.36,2021-10-06 10:01:00 UTC
114,1008106340,Match Odds,false,2.95,1.36,2021-09-29 16:01:00 UTC
262,1008077324,Match Odds,false,2.95,1.36,2021-09-18 07:01:00 UTC
705,1008136194,Match Odds,false,2.28,1.61,2021-10-06 16:01:00 UTC
653,1008136194,Match Odds,false,2.28,1.61,2021-10-06 10:01:00 UTC
682,1008136194,Match Odds,false,2.28,1.61,2021-10-06 13:01:00 UTC
587,1008136171,Match Odds,false,2.28,1.61,2021-10-06 07:01:00 UTC
549,1008136194,Match Odds,false,2.28,1.61,2021-10-06 07:01:00 UTC
387,1008118234,Match Odds,false,2.32,1.61,2021-10-01 04:01:00 UTC
401,1008118234,Match Odds,false,2.32,1.61,2021-10-01 07:01:00 UTC
1147,1008136582,Match Odds,false,1.9,1.86,2021-10-07 19:01:00 UTC
709,1008135498,Match Odds,false,1.9,1.86,2021-10-06 16:01:00 UTC
1097,1008136582,Match Odds,false,1.9,1.86,2021-10-07 16:01:00 UTC
374,1008119399,Match Odds,false,1.7,2.1,2021-09-30 22:01:00 UTC
1126,1008139612,Match Odds,false,1.7,2.1,2021-10-07 19:01:00 UTC
388,1008119399,Match Odds,false,1.7,2.1,2021-10-01 04:01:00 UTC
123,1008092003,Match Odds,false,1.72,2.1,2021-09-22 10:01:00 UTC
765,1008136172,Match Odds,false,1.74,2.1,2021-10-06 19:01:00 UTC
1260,1008139652,Match Odds,false,1.74,2.1,2021-10-08 04:01:00 UTC
699,1008136172,Match Odds,false,1.74,2.1,2021-10-06 16:01:00 UTC
834,1008136172,Match Odds,false,1.74,2.1,2021-10-06 22:01:00 UTC
19,1008083463,Match Odds,false,1.57,2.35,2021-09-21 13:01:00 UTC
890,1008136406,Match Odds,false,1.5,2.6,2021-10-07 07:01:00 UTC
858,1008136406,Match Odds,false,1.5,2.6,2021-10-07 04:01:00 UTC
1005,1008136406,Match Odds,false,1.5,2.6,2021-10-07 13:01:00 UTC
313,1008117191,Match Odds,false,1.5,2.6,2021-09-30 10:01:00 UTC
947,1008136406,Match Odds,false,1.5,2.6,2021-10-07 10:01:00 UTC
607,1008128827,Match Odds,false,1.45,2.6,2021-10-04 16:01:00 UTC
916,1008136255,Match Odds,false,1.47,2.6,2021-10-07 07:01:00 UTC
641,1008136196,Match Odds,false,1.4,2.85,2021-10-06 10:01:00 UTC
253,1008015967,Match Odds,false,1.4,2.85,2021-09-01 13:01:00 UTC
506,1008123838,Match Odds,false,1.4,2.85,2021-10-02 13:01:00 UTC
713,1008136196,Match Odds,false,1.4,2.85,2021-10-06 16:01:00 UTC
671,1008136196,Match Odds,false,1.4,2.85,2021-10-06 13:01:00 UTC
515,1008123838,Match Odds,false,1.4,2.85,2021-10-02 16:01:00 UTC
503,1008123838,Match Odds,false,1.4,2.85,2021-10-02 10:01:00 UTC
147,1008106337,Match Odds,false,1.4,2.85,2021-09-29 16:01:00 UTC
517,1008123838,Match Odds,false,1.4,2.85,2021-10-02 19:01:00 UTC
470,1008123838,Match Odds,false,1.4,2.85,2021-10-02 07:01:00 UTC
776,1008136196,Match Odds,false,1.4,2.85,2021-10-06 19:01:00 UTC
1131,1008138651,Match Odds,false,1.42,2.85,2021-10-07 19:01:00 UTC
1205,1008138651,Match Odds,false,1.42,2.85,2021-10-07 22:01:00 UTC
1077,1008138651,Match Odds,false,1.42,2.85,2021-10-07 16:01:00 UTC
1286,1008138651,Match Odds,false,1.42,2.85,2021-10-08 04:01:00 UTC
1186,1008136191,Match Odds,false,1.43,2.85,2021-10-07 22:01:00 UTC
1028,1008136191,Match Odds,false,1.43,2.85,2021-10-07 16:01:00 UTC
782,1008136191,Match Odds,false,1.43,2.85,2021-10-06 19:01:00 UTC
1114,1008136191,Match Odds,false,1.43,2.85,2021-10-07 19:01:00 UTC
1252,1008136191,Match Odds,false,1.43,2.85,2021-10-08 04:01:00 UTC
755,1008136191,Match Odds,false,1.43,2.85,2021-10-06 16:01:00 UTC
243,1008097134,Match Odds,false,1.33,3.1,2021-09-24 04:01:00 UTC
269,1008106266,Match Odds,false,1.35,3.1,2021-09-27 07:01:00 UTC
91,1008104591,Match Odds,false,1.35,3.1,2021-09-29 10:01:00 UTC
1000,1008136174,Match Odds,false,1.37,3.1,2021-10-07 13:01:00 UTC
876,1008136174,Match Odds,false,1.37,3.1,2021-10-07 04:01:00 UTC
96,1008104287,Match Odds,false,1.37,3.1,2021-09-26 13:01:00 UTC
673,1008135309,Match Odds,false,1.37,3.1,2021-10-06 13:01:00 UTC
953,1008136174,Match Odds,false,1.37,3.1,2021-10-07 10:01:00 UTC
707,1008135309,Match Odds,false,1.37,3.1,2021-10-06 16:01:00 UTC
843,1008136174,Match Odds,false,1.37,3.1,2021-10-06 22:01:00 UTC
652,1008135309,Match Odds,false,1.37,3.1,2021-10-06 10:01:00 UTC
137,1008016152,Match Odds,false,1.37,3.1,2021-09-01 16:01:00 UTC
628,1008135309,Match Odds,false,1.37,3.1,2021-10-06 07:01:00 UTC
921,1008136174,Match Odds,false,1.37,3.1,2021-10-07 07:01:00 UTC
569,1008128824,Match Odds,false,1.32,3.35,2021-10-04 19:01:00 UTC
642,1008135312,Match Odds,false,1.33,3.35,2021-10-06 10:01:00 UTC
576,1008135312,Match Odds,false,1.33,3.35,2021-10-06 07:01:00 UTC
460,1008123666,Match Odds,false,1.33,3.35,2021-10-02 04:01:00 UTC
689,1008135312,Match Odds,false,1.33,3.35,2021-10-06 13:01:00 UTC
820,1008135312,Match Odds,false,1.33,3.35,2021-10-06 19:01:00 UTC
720,1008135312,Match Odds,false,1.33,3.35,2021-10-06 16:01:00 UTC
231,1008095354,Match Odds,false,1.33,3.35,2021-09-23 10:01:00 UTC
468,1008123666,Match Odds,false,1.33,3.35,2021-10-02 07:01:00 UTC
507,1008123666,Match Odds,false,1.33,3.35,2021-10-02 13:01:00 UTC
512,1008123666,Match Odds,false,1.33,3.35,2021-10-02 16:01:00 UTC
501,1008123666,Match Odds,false,1.33,3.35,2021-10-02 10:01:00 UTC
54,1008074865,Match Odds,false,1.29,3.35,2021-09-17 13:01:00 UTC
97,1008015701,Match Odds,false,1.3,3.35,2021-09-01 13:01:00 UTC
209,1008103719,Match Odds,false,1.3,3.35,2021-09-27 07:01:00 UTC
1123,1008135304,Match Odds,false,1.3,3.35,2021-10-07 19:01:00 UTC
1043,1008136178,Match Odds,false,1.3,3.35,2021-10-07 16:01:00 UTC
605,1008128843,Match Odds,false,1.25,3.6,2021-10-04 19:01:00 UTC
200,1008083455,Match Odds,false,1.26,3.6,2021-09-20 13:01:00 UTC
84,1008101780,Match Odds,false,1.27,3.6,2021-09-25 19:01:00 UTC
59,1008081835,Match Odds,false,1.22,4.2,2021-09-19 13:01:00 UTC
268,1008103735,Match Odds,false,1.24,4.2,2021-09-27 16:01:00 UTC
95,1008104193,Match Odds,false,1.17,4.7,2021-09-26 19:01:00 UTC
1166,1008139611,Match Odds,false,1.17,5.2,2021-10-07 19:01:00 UTC
280,1008031705,Match Odds,false,1.17,5.2,2021-09-06 07:01:00 UTC
582,1008132145,Match Odds,false,9.5,1.05,2021-10-05 19:01:00 UTC
575,1008132607,Match Odds,false,10.5,1.05,2021-10-05 22:01:00 UTC
270,1008028728,Match Odds,false,11.5,1.05,2021-09-05 13:01:00 UTC
64,1008018807,Match Odds,false,12,1.05,2021-09-02 19:01:00 UTC
779,1008135317,Match Odds,false,3.5,1.3,2021-10-06 19:01:00 UTC
1216,1008136404,Match Odds,false,3.4,1.3,2021-10-07 22:01:00 UTC
819,1008136403,Match Odds,false,3.55,1.3,2021-10-06 19:01:00 UTC
862,1008136403,Match Odds,false,3.55,1.3,2021-10-07 04:01:00 UTC
900,1008136403,Match Odds,false,3.55,1.3,2021-10-07 07:01:00 UTC
726,1008136403,Match Odds,false,3.55,1.3,2021-10-06 16:01:00 UTC
826,1008136403,Match Odds,false,3.55,1.3,2021-10-06 22:01:00 UTC
960,1008136403,Match Odds,false,3.55,1.3,2021-10-07 10:01:00 UTC
1007,1008135525,Match Odds,false,2.4,1.55,2021-10-07 13:01:00 UTC
1129,1008136569,Match Odds,false,2.4,1.55,2021-10-07 19:01:00 UTC
1066,1008136569,Match Odds,false,2.4,1.55,2021-10-07 16:01:00 UTC
1263,1008136569,Match Odds,false,2.4,1.55,2021-10-08 04:01:00 UTC
1215,1008136569,Match Odds,false,2.4,1.55,2021-10-07 22:01:00 UTC
893,1008135525,Match Odds,false,2.4,1.55,2021-10-07 07:01:00 UTC
283,1008098255,Match Odds,false,2.4,1.55,2021-09-24 13:01:00 UTC
943,1008135525,Match Odds,false,2.4,1.55,2021-10-07 10:01:00 UTC
1033,1008135525,Match Odds,false,2.4,1.55,2021-10-07 16:01:00 UTC
747,1008136412,Match Odds,false,2.45,1.55,2021-10-06 16:01:00 UTC
694,1008136412,Match Odds,false,2.45,1.55,2021-10-06 13:01:00 UTC
275,1008025148,Match Odds,false,1.96,1.8,2021-09-04 13:01:00 UTC
116,1008015881,Match Odds,false,1.97,1.8,2021-09-01 16:01:00 UTC
88,1008104596,Match Odds,false,1.97,1.8,2021-09-28 07:01:00 UTC
208,1008104598,Match Odds,false,1.97,1.8,2021-09-29 07:01:00 UTC
481,1008104596,Match Odds,false,1.97,1.8,2021-09-28 07:01:00 UTC
620,1008132616,Match Odds,false,1.63,2.23,2021-10-05 19:01:00 UTC
550,1008136440,Match Odds,false,1.64,2.23,2021-10-06 07:01:00 UTC
654,1008136440,Match Odds,false,1.64,2.23,2021-10-06 10:01:00 UTC
706,1008136440,Match Odds,false,1.64,2.23,2021-10-06 16:01:00 UTC
775,1008136440,Match Odds,false,1.64,2.23,2021-10-06 19:01:00 UTC
683,1008136440,Match Odds,false,1.64,2.23,2021-10-06 13:01:00 UTC
305,1008083451,Match Odds,false,1.65,2.23,2021-09-22 04:01:00 UTC
307,1008084195,Match Odds,false,1.6,2.23,2021-09-20 04:01:00 UTC
43,1008113197,Match Odds,false,1.6,2.23,2021-09-30 04:01:00 UTC
584,1008128836,Match Odds,false,1.5,2.48,2021-10-04 16:01:00 UTC
300,1008095355,Match Odds,false,1.52,2.48,2021-09-23 10:01:00 UTC
708,1008135308,Match Odds,false,1.54,2.48,2021-10-06 16:01:00 UTC
649,1008135308,Match Odds,false,1.54,2.48,2021-10-06 10:01:00 UTC
586,1008135308,Match Odds,false,1.54,2.48,2021-10-06 07:01:00 UTC
679,1008135308,Match Odds,false,1.54,2.48,2021-10-06 13:01:00 UTC
869,1008139612,Match Odds,false,1.54,2.48,2021-10-07 04:01:00 UTC
791,1008135524,Match Odds,false,3.9,1.24,2021-10-06 19:01:00 UTC
761,1008135524,Match Odds,false,3.9,1.24,2021-10-06 16:01:00 UTC
27,1008081418,Match Odds,false,3.85,1.24,2021-09-19 04:01:00 UTC
483,1008103715,Match Odds,false,2.55,1.49,2021-09-28 04:01:00 UTC
1208,1008136182,Match Odds,false,2.55,1.49,2021-10-07 22:01:00 UTC
24,1008103715,Match Odds,false,2.55,1.49,2021-09-28 04:01:00 UTC
260,1008101781,Match Odds,false,2.05,1.74,2021-09-25 19:01:00 UTC
163,1008083459,Match Odds,false,2.1,1.74,2021-09-20 10:01:00 UTC
229,1008025149,Match Odds,false,2.1,1.74,2021-09-04 10:01:00 UTC
225,1008022721,Match Odds,false,4.6,1.18,2021-09-03 19:01:00 UTC
249,1008081705,Match Odds,false,4.4,1.18,2021-09-19 04:01:00 UTC
940,1008135519,Match Odds,false,4.7,1.18,2021-10-07 10:01:00 UTC
1281,1008135519,Match Odds,false,4.7,1.18,2021-10-08 04:01:00 UTC
901,1008135519,Match Odds,false,4.7,1.18,2021-10-07 07:01:00 UTC
1024,1008135519,Match Odds,false,4.7,1.18,2021-10-07 16:01:00 UTC
1165,1008135519,Match Odds,false,4.7,1.18,2021-10-07 19:01:00 UTC
992,1008135519,Match Odds,false,4.7,1.18,2021-10-07 13:01:00 UTC
1197,1008135519,Match Odds,false,4.7,1.18,2021-10-07 22:01:00 UTC
500,1008122881,Match Odds,false,2.75,1.43,2021-10-02 10:01:00 UTC
49,1008084522,Match Odds,false,2.75,1.43,2021-09-21 10:01:00 UTC
588,1008128826,Match Odds,false,2.75,1.43,2021-10-04 16:01:00 UTC
52,1008112142,Match Odds,false,2.7,1.43,2021-09-29 04:01:00 UTC
20,1008083458,Match Odds,false,2.85,1.43,2021-09-20 10:01:00 UTC
601,1008132503,Match Odds,false,2.14,1.68,2021-10-05 19:01:00 UTC
580,1008128832,Match Odds,false,2.14,1.68,2021-10-04 16:01:00 UTC
816,1008136410,Match Odds,false,2.17,1.68,2021-10-06 19:01:00 UTC
691,1008136410,Match Odds,false,2.17,1.68,2021-10-06 13:01:00 UTC
727,1008136410,Match Odds,false,2.17,1.68,2021-10-06 16:01:00 UTC
754,1008136411,Match Odds,false,2.2,1.68,2021-10-06 16:01:00 UTC
907,1008136402,Match Odds,false,2.2,1.68,2021-10-07 07:01:00 UTC
769,1008136411,Match Odds,false,2.2,1.68,2021-10-06 19:01:00 UTC
545,1008136411,Match Odds,false,2.2,1.68,2021-10-06 07:01:00 UTC
681,1008136411,Match Odds,false,2.2,1.68,2021-10-06 13:01:00 UTC
153,1008096502,Match Odds,false,2.12,1.68,2021-09-24 16:01:00 UTC
1256,1008136185,Match Odds,false,1.87,1.93,2021-10-08 04:01:00 UTC
1230,1008139649,Match Odds,false,1.87,1.93,2021-10-07 22:01:00 UTC
961,1008139612,Match Odds,false,1.87,1.93,2021-10-07 10:01:00 UTC
1130,1008136185,Match Odds,false,1.87,1.93,2021-10-07 19:01:00 UTC
1082,1008136185,Match Odds,false,1.87,1.93,2021-10-07 16:01:00 UTC
534,1008126659,Match Odds,false,1.87,1.93,2021-10-03 16:01:00 UTC
1132,1008139649,Match Odds,false,1.87,1.93,2021-10-07 19:01:00 UTC
1185,1008136185,Match Odds,false,1.87,1.93,2021-10-07 22:01:00 UTC
786,1008136185,Match Odds,false,1.87,1.93,2021-10-06 19:01:00 UTC
537,1008126659,Match Odds,false,1.87,1.93,2021-10-03 19:01:00 UTC
1074,1008139649,Match Odds,false,1.87,1.93,2021-10-07 16:01:00 UTC
1257,1008139649,Match Odds,false,1.87,1.93,2021-10-08 04:01:00 UTC
168,1008031264,Match Odds,false,6.75,1.12,2021-09-06 07:01:00 UTC
758,1008135303,Match Odds,false,7,1.12,2021-10-06 16:01:00 UTC
835,1008135303,Match Odds,false,7,1.12,2021-10-06 22:01:00 UTC
934,1008135303,Match Odds,false,7,1.12,2021-10-07 10:01:00 UTC
891,1008135303,Match Odds,false,7,1.12,2021-10-07 07:01:00 UTC
852,1008135303,Match Odds,false,7,1.12,2021-10-07 04:01:00 UTC
602,1008135303,Match Odds,false,7,1.12,2021-10-05 22:01:00 UTC
764,1008135303,Match Odds,false,7,1.12,2021-10-06 19:01:00 UTC
17,1008018921,Match Odds,false,6.1,1.12,2021-09-02 16:01:00 UTC
1093,1008136584,Match Odds,false,3,1.37,2021-10-07 16:01:00 UTC
1207,1008136584,Match Odds,false,3,1.37,2021-10-07 22:01:00 UTC
745,1008135315,Match Odds,false,3,1.37,2021-10-06 16:01:00 UTC
1105,1008136584,Match Odds,false,3,1.37,2021-10-07 19:01:00 UTC
1261,1008136584,Match Odds,false,3,1.37,2021-10-08 04:01:00 UTC
1196,1008136580,Match Odds,false,3.05,1.37,2021-10-07 22:01:00 UTC
1049,1008136580,Match Odds,false,3.05,1.37,2021-10-07 16:01:00 UTC
29,1008106283,Match Odds,false,3.05,1.37,2021-09-28 19:01:00 UTC
1104,1008136580,Match Odds,false,3.05,1.37,2021-10-07 19:01:00 UTC
1262,1008136580,Match Odds,false,3.05,1.37,2021-10-08 04:01:00 UTC
479,1008103712,Match Odds,false,3.1,1.37,2021-09-27 22:01:00 UTC
145,1008103712,Match Odds,false,3.1,1.37,2021-09-27 22:01:00 UTC
625,1008135317,Match Odds,false,3.1,1.37,2021-10-06 07:01:00 UTC
662,1008135317,Match Odds,false,3.1,1.37,2021-10-06 10:01:00 UTC
211,1008112816,Match Odds,false,2.25,1.62,2021-09-30 10:01:00 UTC
359,1008119053,Match Odds,false,2.3,1.62,2021-09-30 19:01:00 UTC
1175,1008136184,Match Odds,false,2.3,1.62,2021-10-07 19:01:00 UTC
1213,1008139646,Match Odds,false,2.3,1.62,2021-10-07 22:01:00 UTC
328,1008119053,Match Odds,false,2.3,1.62,2021-09-30 13:01:00 UTC
1227,1008136184,Match Odds,false,2.3,1.62,2021-10-07 22:01:00 UTC
353,1008119053,Match Odds,false,2.3,1.62,2021-09-30 16:01:00 UTC
377,1008119053,Match Odds,false,2.3,1.62,2021-09-30 22:01:00 UTC
1168,1008135300,Match Odds,false,2.3,1.62,2021-10-07 19:01:00 UTC
1094,1008135300,Match Odds,false,2.3,1.62,2021-10-07 16:01:00 UTC
1280,1008139646,Match Odds,false,2.3,1.62,2021-10-08 04:01:00 UTC
1239,1008136184,Match Odds,false,2.3,1.62,2021-10-08 04:01:00 UTC
128,1008076207,Match Odds,false,2.18,1.62,2021-09-17 07:01:00 UTC
548,1008128825,Match Odds,false,1.9,1.87,2021-10-04 16:01:00 UTC
1036,1008139612,Match Odds,false,1.93,1.87,2021-10-07 16:01:00 UTC
972,1008139612,Match Odds,false,1.93,1.87,2021-10-07 13:01:00 UTC
278,1008094022,Match Odds,false,1.93,1.87,2021-09-23 04:01:00 UTC
802,1008135306,Match Odds,false,1.68,2.12,2021-10-06 19:01:00 UTC
228,1008097864,Match Odds,false,9.5,1.06,2021-09-24 10:01:00 UTC
213,1008022735,Match Odds,false,9.5,1.06,2021-09-03 19:01:00 UTC
63,1008018762,Match Odds,false,9.5,1.06,2021-09-02 16:01:00 UTC
118,1008114292,Match Odds,false,9.5,1.06,2021-09-29 22:01:00 UTC
1048,1008135303,Match Odds,false,9.5,1.06,2021-10-07 16:01:00 UTC
135,1008081703,Match Odds,false,8.4,1.06,2021-09-19 04:01:00 UTC
406,1008119053,Match Odds,false,2.43,1.56,2021-10-01 07:01:00 UTC
1108,1008136256,Match Odds,false,1.95,1.81,2021-10-07 19:01:00 UTC
1206,1008136256,Match Odds,false,1.95,1.81,2021-10-07 22:01:00 UTC
973,1008136256,Match Odds,false,1.95,1.81,2021-10-07 13:01:00 UTC
1268,1008136256,Match Odds,false,1.95,1.81,2021-10-08 04:01:00 UTC
1079,1008136256,Match Odds,false,1.95,1.81,2021-10-07 16:01:00 UTC
944,1008136256,Match Odds,false,1.95,1.81,2021-10-07 10:01:00 UTC
903,1008136256,Match Odds,false,1.95,1.81,2021-10-07 07:01:00 UTC
585,1008132146,Match Odds,false,1.96,1.81,2021-10-05 16:01:00 UTC
68,1008084398,Match Odds,false,1.91,1.81,2021-09-20 04:01:00 UTC
1330,1008139114,Match Odds,false,3,1.4,2021-10-08 07:01:00 UTC
1334,1008140248,Match Odds,false,3,1.4,2021-10-08 07:01:00 UTC
1300,1008136584,Match Odds,false,3,1.37,2021-10-08 07:01:00 UTC
1309,1008139701,Match Odds,false,3.25,1.34,2021-10-08 07:01:00 UTC
1303,1008136571,Match Odds,false,3.5,1.29,2021-10-08 07:01:00 UTC
1299,1008140247,Match Odds,false,1.25,4,2021-10-08 07:01:00 UTC
1310,1008135523,Match Odds,false,1.5,2.5,2021-10-08 07:01:00 UTC
1315,1008139603,Match Odds,false,1.44,2.8,2021-10-08 07:01:00 UTC
1326,1008139659,Match Odds,false,1.32,3.45,2021-10-08 07:01:00 UTC
1295,1008139699,Match Odds,false,1.32,3.4,2021-10-08 07:01:00 UTC
1319,1008136256,Match Odds,false,1.95,1.81,2021-10-08 07:01:00 UTC
1333,1008139650,Match Odds,false,2.28,1.64,2021-10-08 07:01:00 UTC
1305,1008136189,Match Odds,false,2.16,1.7,2021-10-08 07:01:00 UTC
1332,1008136188,Match Odds,false,1.33,3.3,2021-10-08 07:01:00 UTC
1321,1008138562,Match Odds,false,1.52,2.55,2021-10-08 07:01:00 UTC
1311,1008136184,Match Odds,false,2.3,1.62,2021-10-08 07:01:00 UTC
1308,1008139646,Match Odds,false,2.3,1.62,2021-10-08 07:01:00 UTC
1323,1008136190,Match Odds,false,2.8,1.44,2021-10-08 07:01:00 UTC
1325,1008139203,Match Odds,false,3.05,1.38,2021-10-08 07:01:00 UTC
1293,1008136580,Match Odds,false,3.05,1.37,2021-10-08 07:01:00 UTC
1313,1008139230,Match Odds,false,4.6,1.21,2021-10-08 07:01:00 UTC
1307,1008136183,Match Odds,false,5.6,1.15,2021-10-08 07:01:00 UTC
1316,1008139108,Match Odds,false,1.84,1.96,2021-10-08 07:01:00 UTC
1317,1008139653,Match Odds,false,1.28,3.75,2021-10-08 07:01:00 UTC
1331,1008141966,Match Odds,false,1.53,2.45,2021-10-08 07:01:00 UTC
1329,1008139711,Match Odds,false,1.47,2.7,2021-10-08 07:01:00 UTC
1327,1008139651,Match Odds,false,1.47,2.7,2021-10-08 07:01:00 UTC
1312,1008139658,Match Odds,false,3.7,1.28,2021-10-08 07:01:00 UTC
1314,1008139648,Match Odds,false,5.4,1.16,2021-10-08 07:01:00 UTC
1306,1008135502,Match Odds,false,1.1,6.5,2021-10-08 07:01:00 UTC
1298,1008136186,Match Odds,false,1.35,3.2,2021-10-08 07:01:00 UTC
1294,1008136187,Match Odds,false,1.6,2.33,2021-10-08 07:01:00 UTC
1318,1008138651,Match Odds,false,1.42,2.85,2021-10-08 07:01:00 UTC
1328,1008136582,Match Odds,false,1.86,1.9,2021-10-08 07:01:00 UTC
1324,1008136568,Match Odds,false,2.1,1.7,2021-10-08 07:01:00 UTC
1297,1008138638,Match Odds,false,2.85,1.42,2021-10-08 07:01:00 UTC
1322,1008135519,Match Odds,false,5.7,1.13,2021-10-08 07:01:00 UTC
1296,1008139652,Match Odds,false,1.74,2.1,2021-10-08 07:01:00 UTC
1302,1008136191,Match Odds,false,1.43,2.85,2021-10-08 07:01:00 UTC
1304,1008139647,Match Odds,false,1.62,2.3,2021-10-08 07:01:00 UTC
1301,1008136185,Match Odds,false,1.87,1.93,2021-10-08 07:01:00 UTC
1320,1008139649,Match Odds,false,1.87,1.93,2021-10-08 07:01:00 UTC
1403,1008140248,Match Odds,false,3,1.4,2021-10-08 10:01:00 UTC
1368,1008139114,Match Odds,false,3,1.4,2021-10-08 10:01:00 UTC
1385,1008136584,Match Odds,false,3,1.37,2021-10-08 10:01:00 UTC
1353,1008142541,Match Odds,false,3.25,1.34,2021-10-08 10:01:00 UTC
1341,1008139701,Match Odds,false,3.25,1.34,2021-10-08 10:01:00 UTC
1366,1008136571,Match Odds,false,3.5,1.29,2021-10-08 10:01:00 UTC
1349,1008142352,Match Odds,false,3.75,1.28,2021-10-08 10:01:00 UTC
1417,1008141964,Match Odds,false,3.75,1.28,2021-10-08 10:01:00 UTC
1412,1008141959,Match Odds,false,4.5,1.21,2021-10-08 10:01:00 UTC
1390,1008142528,Match Odds,false,8,1.1,2021-10-08 10:01:00 UTC
1337,1008135523,Match Odds,false,1.5,2.5,2021-10-08 10:01:00 UTC
1340,1008141849,Match Odds,false,1.5,2.6,2021-10-08 10:01:00 UTC
1399,1008136255,Match Odds,false,1.5,2.52,2021-10-08 10:01:00 UTC
1374,1008141915,Match Odds,false,1.19,4.9,2021-10-08 10:01:00 UTC
1364,1008141759,Match Odds,false,1.44,2.8,2021-10-08 10:01:00 UTC
1382,1008139603,Match Odds,false,1.44,2.8,2021-10-08 10:01:00 UTC
1358,1008141793,Match Odds,false,1.07,10,2021-10-08 10:01:00 UTC
1419,1008139699,Match Odds,false,1.32,3.4,2021-10-08 10:01:00 UTC
1410,1008142393,Match Odds,false,1.32,3.5,2021-10-08 10:01:00 UTC
1367,1008139659,Match Odds,false,1.32,3.45,2021-10-08 10:01:00 UTC
1401,1008136567,Match Odds,false,1.82,1.94,2021-10-08 10:01:00 UTC
1344,1008136562,Match Odds,false,1.82,1.94,2021-10-08 10:01:00 UTC
1418,1008142494,Match Odds,false,1.76,2.06,2021-10-08 10:01:00 UTC
1363,1008136569,Match Odds,false,2.4,1.55,2021-10-08 10:01:00 UTC
1379,1008136564,Match Odds,false,2.65,1.46,2021-10-08 10:01:00 UTC
1402,1008136581,Match Odds,false,3.15,1.34,2021-10-08 10:01:00 UTC
1383,1008141748,Match Odds,false,3.65,1.29,2021-10-08 10:01:00 UTC
1359,1008142493,Match Odds,false,3.9,1.26,2021-10-08 10:01:00 UTC
1396,1008136256,Match Odds,false,1.95,1.81,2021-10-08 10:01:00 UTC
1400,1008139650,Match Odds,false,2.28,1.64,2021-10-08 10:01:00 UTC
1369,1008136566,Match Odds,false,2.28,1.6,2021-10-08 10:01:00 UTC
1356,1008142482,Match Odds,false,1.14,6.1,2021-10-08 10:01:00 UTC
1365,1008136189,Match Odds,false,2.16,1.7,2021-10-08 10:01:00 UTC
1398,1008136188,Match Odds,false,1.33,3.3,2021-10-08 10:01:00 UTC
1336,1008138562,Match Odds,false,1.52,2.55,2021-10-08 10:01:00 UTC
1348,1008141719,Match Odds,false,2.17,1.7,2021-10-08 10:01:00 UTC
1405,1008142437,Match Odds,false,1.21,4.5,2021-10-08 10:01:00 UTC
1404,1008142481,Match Odds,false,1.96,1.84,2021-10-08 10:01:00 UTC
1338,1008136184,Match Odds,false,2.3,1.62,2021-10-08 10:01:00 UTC
1352,1008139646,Match Odds,false,2.3,1.62,2021-10-08 10:01:00 UTC
1406,1008136190,Match Odds,false,2.8,1.44,2021-10-08 10:01:00 UTC
1370,1008136580,Match Odds,false,3.05,1.37,2021-10-08 10:01:00 UTC
1408,1008139203,Match Odds,false,3.05,1.38,2021-10-08 10:01:00 UTC
1380,1008139230,Match Odds,false,4.6,1.21,2021-10-08 10:01:00 UTC
1351,1008136183,Match Odds,false,5.6,1.15,2021-10-08 10:01:00 UTC
1397,1008139648,Match Odds,false,6.1,1.14,2021-10-08 10:01:00 UTC
1409,1008142334,Match Odds,false,1.15,5.8,2021-10-08 10:01:00 UTC
1362,1008141749,Match Odds,false,1.4,3,2021-10-08 10:01:00 UTC
1371,1008139651,Match Odds,false,1.4,2.95,2021-10-08 10:01:00 UTC
1347,1008136563,Match Odds,false,1.65,2.2,2021-10-08 10:01:00 UTC
1421,1008139108,Match Odds,false,1.9,1.9,2021-10-08 10:01:00 UTC
1386,1008141851,Match Odds,false,1.09,8,2021-10-08 10:01:00 UTC
1414,1008142505,Match Odds,false,2.06,1.76,2021-10-08 10:01:00 UTC
1393,1008139653,Match Odds,false,1.28,3.75,2021-10-08 10:01:00 UTC
1350,1008141966,Match Odds,false,1.53,2.45,2021-10-08 10:01:00 UTC
1416,1008139711,Match Odds,false,1.47,2.7,2021-10-08 10:01:00 UTC
1343,1008136252,Match Odds,false,1.16,5,2021-10-08 10:01:00 UTC
1413,1008136561,Match Odds,false,1.16,5,2021-10-08 10:01:00 UTC
1346,1008139647,Match Odds,false,1.66,2.23,2021-10-08 10:01:00 UTC
1342,1008142545,Match Odds,false,3.95,1.26,2021-10-08 10:01:00 UTC
1360,1008141787,Match Odds,false,4.4,1.22,2021-10-08 10:01:00 UTC
1373,1008135502,Match Odds,false,1.1,6.5,2021-10-08 10:01:00 UTC
1378,1008136186,Match Odds,false,1.35,3.2,2021-10-08 10:01:00 UTC
1420,1008142346,Match Odds,false,1.6,2.33,2021-10-08 10:01:00 UTC
1388,1008136570,Match Odds,false,1.6,2.3,2021-10-08 10:01:00 UTC
1354,1008136187,Match Odds,false,1.6,2.33,2021-10-08 10:01:00 UTC
1372,1008142444,Match Odds,false,1.54,2.48,2021-10-08 10:01:00 UTC
1395,1008140247,Match Odds,false,1.23,4.3,2021-10-08 10:01:00 UTC
1361,1008138651,Match Odds,false,1.42,2.85,2021-10-08 10:01:00 UTC
1376,1008142548,Match Odds,false,1.42,2.88,2021-10-08 10:01:00 UTC
1391,1008142368,Match Odds,false,1.92,1.89,2021-10-08 10:01:00 UTC
1415,1008136582,Match Odds,false,1.86,1.9,2021-10-08 10:01:00 UTC
1407,1008136568,Match Odds,false,2.1,1.7,2021-10-08 10:01:00 UTC
1384,1008138638,Match Odds,false,2.85,1.42,2021-10-08 10:01:00 UTC
1377,1008141794,Match Odds,false,3.35,1.33,2021-10-08 10:01:00 UTC
1339,1008139658,Match Odds,false,3.6,1.3,2021-10-08 10:01:00 UTC
1355,1008142499,Match Odds,false,5.2,1.17,2021-10-08 10:01:00 UTC
1411,1008135519,Match Odds,false,5.7,1.13,2021-10-08 10:01:00 UTC
1394,1008142556,Match Odds,false,1.49,2.63,2021-10-08 10:01:00 UTC
1381,1008141948,Match Odds,false,1.18,5.1,2021-10-08 10:01:00 UTC
1375,1008136191,Match Odds,false,1.43,2.85,2021-10-08 10:01:00 UTC
1357,1008139652,Match Odds,false,1.68,2.18,2021-10-08 10:01:00 UTC
1345,1008136565,Match Odds,false,1.37,3,2021-10-08 10:01:00 UTC
1387,1008142549,Match Odds,false,1.37,3.1,2021-10-08 10:01:00 UTC
1392,1008139649,Match Odds,false,1.87,1.93,2021-10-08 10:01:00 UTC
1389,1008136185,Match Odds,false,1.87,1.93,2021-10-08 10:01:00 UTC
